code,region1,region2,region3,name,fullName,nx,ny,latitude,longitude
SEOUL,서울특별시,,,서울특별시,서울특별시,60,127,37.5665,126.9780
BUSAN,부산광역시,,,부산광역시,부산광역시,98,76,35.1796,129.0756
DAEGU,대구광역시,,,대구광역시,대구광역시,89,90,35.8714,128.6014
INCHEON,인천광역시,,,인천광역시,인천광역시,55,124,37.4563,126.7052
GWANGJU,광주광역시,,,광주광역시,광주광역시,58,74,35.1595,126.8526
DAEJEON,대전광역시,,,대전광역시,대전광역시,67,100,36.3504,127.3845
ULSAN,울산광역시,,,울산광역시,울산광역시,102,84,35.5384,129.3114
SEJONG,세종특별자치시,,,세종특별자치시,세종특별자치시,66,103,36.4800,127.2890
JEJU,제주특별자치도,,,제주특별자치도,제주특별자치도,52,38,33.4996,126.5312
KMA_4128551000,경기도,고양시일산서구,일산1동,일산1동,경기도 고양시일산서구 일산1동,56,129,37.6821,126.7698
KMA_4128552000,경기도,고양시일산서구,일산2동,일산2동,경기도 고양시일산서구 일산2동,56,129,37.6848,126.7775
KMA_4128553000,경기도,고양시일산서구,일산3동,일산3동,경기도 고양시일산서구 일산3동,56,129,37.6760,126.7700
KMA_4128151000,경기도,고양시일산동구,식사동,식사동,경기도 고양시일산동구 식사동,57,129,37.6778,126.8121
KMA_4128152000,경기도,고양시일산동구,중산동,중산동,경기도 고양시일산동구 중산동,57,129,37.6941,126.7806
KMA_4128153000,경기도,고양시일산동구,정발산동,정발산동,경기도 고양시일산동구 정발산동,56,129,37.6734,126.7795
KMA_4128154000,경기도,고양시일산동구,풍산동,풍산동,경기도 고양시일산동구 풍산동,57,129,37.6707,126.7993
KMA_4128155000,경기도,고양시일산동구,백석1동,백석1동,경기도 고양시일산동구 백석1동,57,128,37.6427,126.7880
KMA_4128156000,경기도,고양시일산동구,백석2동,백석2동,경기도 고양시일산동구 백석2동,57,128,37.6437,126.7810
KMA_4128157000,경기도,고양시일산동구,마두1동,마두1동,경기도 고양시일산동구 마두1동,56,128,37.6531,126.7836
KMA_4128158000,경기도,고양시일산동구,마두2동,마두2동,경기도 고양시일산동구 마두2동,56,128,37.6535,126.7783
KMA_4128159000,경기도,고양시일산동구,장항1동,장항1동,경기도 고양시일산동구 장항1동,56,128,37.6422,126.7664
KMA_4128160000,경기도,고양시일산동구,장항2동,장항2동,경기도 고양시일산동구 장항2동,56,128,37.6558,126.7701
KMA_4128161000,경기도,고양시일산동구,고봉동,고봉동,경기도 고양시일산동구 고봉동,57,130,37.7006,126.8271
KMA_4128751000,경기도,고양시덕양구,주교동,주교동,경기도 고양시덕양구 주교동,57,128,37.6586,126.8351
KMA_4128752000,경기도,고양시덕양구,원신동,원신동,경기도 고양시덕양구 원신동,58,129,37.6757,126.8731
KMA_4128753000,경기도,고양시덕양구,흥도동,흥도동,경기도 고양시덕양구 흥도동,58,128,37.6468,126.8679
KMA_4128754000,경기도,고양시덕양구,성사1동,성사1동,경기도 고양시덕양구 성사1동,57,128,37.6535,126.8425
KMA_4128755000,경기도,고양시덕양구,성사2동,성사2동,경기도 고양시덕양구 성사2동,57,128,37.6480,126.8403
KMA_4128756000,경기도,고양시덕양구,효자동,효자동,경기도 고양시덕양구 효자동,58,129,37.6526,126.9233
KMA_4128757000,경기도,고양시덕양구,삼송1동,삼송1동,경기도 고양시덕양구 삼송1동,58,128,37.6529,126.8955
KMA_4128758000,경기도,고양시덕양구,삼송2동,삼송2동,경기도 고양시덕양구 삼송2동,58,128,37.6429,126.8863
KMA_4128759000,경기도,고양시덕양구,창릉동,창릉동,경기도 고양시덕양구 창릉동,58,128,37.6437,126.8840
KMA_1100000100,서울특별시,종로구,,종로구,서울특별시 종로구,60,127,,
KMA_1100000001,서울특별시,종로구,중앙동,중앙동,서울특별시 종로구 중앙동,60,126,,
KMA_1100000002,서울특별시,종로구,신흥동,신흥동,서울특별시 종로구 신흥동,61,126,,
KMA_1100000003,서울특별시,종로구,문화동,문화동,서울특별시 종로구 문화동,59,127,,
KMA_1100000004,서울특별시,종로구,교동,교동,서울특별시 종로구 교동,60,127,,
KMA_1100000005,서울특별시,종로구,성내동,성내동,서울특별시 종로구 성내동,61,127,,
KMA_1100000006,서울특별시,종로구,송정동,송정동,서울특별시 종로구 송정동,59,128,,
KMA_1100000007,서울특별시,종로구,읍내동,읍내동,서울특별시 종로구 읍내동,60,128,,
KMA_1100000008,서울특별시,종로구,신사제1동,신사제1동,서울특별시 종로구 신사제1동,61,128,,
KMA_1100000009,서울특별시,종로구,신사제2동,신사제2동,서울특별시 종로구 신사제2동,59,126,,
KMA_1100000010,서울특별시,종로구,구미동,구미동,서울특별시 종로구 구미동,60,126,,
KMA_1100000011,서울특별시,종로구,정자동,정자동,서울특별시 종로구 정자동,61,126,,
KMA_1100000012,서울특별시,종로구,금곡동,금곡동,서울특별시 종로구 금곡동,59,127,,
KMA_1100000013,서울특별시,종로구,청운효자동,청운효자동,서울특별시 종로구 청운효자동,60,127,,
KMA_1100000014,서울특별시,종로구,사직동,사직동,서울특별시 종로구 사직동,61,127,,
KMA_1100000015,서울특별시,종로구,명동,명동,서울특별시 종로구 명동,59,128,,
KMA_1100000016,서울특별시,종로구,용산동,용산동,서울특별시 종로구 용산동,60,128,,
KMA_1100000017,서울특별시,종로구,화양동,화양동,서울특별시 종로구 화양동,61,128,,
KMA_1100000018,서울특별시,종로구,전농제1동,전농제1동,서울특별시 종로구 전농제1동,59,126,,
KMA_1100000019,서울특별시,종로구,면목본동,면목본동,서울특별시 종로구 면목본동,60,126,,
KMA_1100000020,서울특별시,종로구,상봉제1동,상봉제1동,서울특별시 종로구 상봉제1동,61,126,,
KMA_1100000021,서울특별시,종로구,녹번동,녹번동,서울특별시 종로구 녹번동,59,127,,
KMA_1100000022,서울특별시,종로구,불광제1동,불광제1동,서울특별시 종로구 불광제1동,60,127,,
KMA_1100000023,서울특별시,종로구,갈현제1동,갈현제1동,서울특별시 종로구 갈현제1동,61,127,,
KMA_1100000024,서울특별시,종로구,아현동,아현동,서울특별시 종로구 아현동,59,128,,
KMA_1100000025,서울특별시,종로구,공덕동,공덕동,서울특별시 종로구 공덕동,60,128,,
KMA_1100000026,서울특별시,종로구,목1동,목1동,서울특별시 종로구 목1동,61,128,,
KMA_1100000027,서울특별시,종로구,화곡제1동,화곡제1동,서울특별시 종로구 화곡제1동,59,126,,
KMA_1100000028,서울특별시,종로구,가산동,가산동,서울특별시 종로구 가산동,60,126,,
KMA_1100000029,서울특별시,종로구,여의동,여의동,서울특별시 종로구 여의동,61,126,,
KMA_1100000030,서울특별시,종로구,상도제1동,상도제1동,서울특별시 종로구 상도제1동,59,127,,
KMA_1100000031,서울특별시,종로구,서초1동,서초1동,서울특별시 종로구 서초1동,60,127,,
KMA_1100000032,서울특별시,종로구,신사동,신사동,서울특별시 종로구 신사동,61,127,,
KMA_1100000033,서울특별시,종로구,논현1동,논현1동,서울특별시 종로구 논현1동,59,128,,
KMA_1100000034,서울특별시,종로구,역삼1동,역삼1동,서울특별시 종로구 역삼1동,60,128,,
KMA_1100000035,서울특별시,종로구,풍납1동,풍납1동,서울특별시 종로구 풍납1동,61,128,,
KMA_1100000036,서울특별시,종로구,길동,길동,서울특별시 종로구 길동,59,126,,
KMA_1100000037,서울특별시,종로구,일산1동,일산1동,서울특별시 종로구 일산1동,60,126,,
KMA_1100000038,서울특별시,종로구,일산2동,일산2동,서울특별시 종로구 일산2동,61,126,,
KMA_1100000039,서울특별시,종로구,일산3동,일산3동,서울특별시 종로구 일산3동,59,127,,
KMA_1100000040,서울특별시,종로구,식사동,식사동,서울특별시 종로구 식사동,60,127,,
KMA_1100000041,서울특별시,종로구,조치원읍,조치원읍,서울특별시 종로구 조치원읍,61,127,,
KMA_1100000042,서울특별시,종로구,금남면,금남면,서울특별시 종로구 금남면,59,128,,
KMA_1100000043,서울특별시,종로구,한림읍,한림읍,서울특별시 종로구 한림읍,60,128,,
KMA_1100000044,서울특별시,종로구,애월읍,애월읍,서울특별시 종로구 애월읍,61,128,,
KMA_1100000045,서울특별시,종로구,대정읍,대정읍,서울특별시 종로구 대정읍,59,126,,
KMA_1100000046,서울특별시,종로구,성산읍,성산읍,서울특별시 종로구 성산읍,60,126,,
KMA_1100000047,서울특별시,종로구,남원읍,남원읍,서울특별시 종로구 남원읍,61,126,,
KMA_1100000048,서울특별시,종로구,표선면,표선면,서울특별시 종로구 표선면,59,127,,
KMA_1100000200,서울특별시,중구,,중구,서울특별시 중구,60,127,,
KMA_1100000300,서울특별시,용산구,,용산구,서울특별시 용산구,60,126,,
KMA_1100000400,서울특별시,성동구,,성동구,서울특별시 성동구,61,127,,
KMA_1100000500,서울특별시,광진구,,광진구,서울특별시 광진구,62,126,,
KMA_1100000600,서울특별시,동대문구,,동대문구,서울특별시 동대문구,61,127,,
KMA_1100000700,서울특별시,중랑구,,중랑구,서울특별시 중랑구,62,128,,
KMA_1100000800,서울특별시,성북구,,성북구,서울특별시 성북구,61,127,,
KMA_1100000900,서울특별시,강북구,,강북구,서울특별시 강북구,61,128,,
KMA_1100001000,서울특별시,도봉구,,도봉구,서울특별시 도봉구,61,129,,
KMA_1100001100,서울특별시,노원구,,노원구,서울특별시 노원구,61,129,,
KMA_1100001200,서울특별시,은평구,,은평구,서울특별시 은평구,59,127,,
KMA_1100001300,서울특별시,서대문구,,서대문구,서울특별시 서대문구,59,127,,
KMA_1100001400,서울특별시,마포구,,마포구,서울특별시 마포구,59,127,,
KMA_1100001500,서울특별시,양천구,,양천구,서울특별시 양천구,58,126,,
KMA_1100001600,서울특별시,강서구,,강서구,서울특별시 강서구,58,126,,
KMA_1100001700,서울특별시,구로구,,구로구,서울특별시 구로구,58,125,,
KMA_1100001800,서울특별시,금천구,,금천구,서울특별시 금천구,59,124,,
KMA_1100001900,서울특별시,영등포구,,영등포구,서울특별시 영등포구,58,126,,
KMA_1100002000,서울특별시,동작구,,동작구,서울특별시 동작구,59,125,,
KMA_1100002100,서울특별시,관악구,,관악구,서울특별시 관악구,59,125,,
KMA_1100002200,서울특별시,서초구,,서초구,서울특별시 서초구,61,125,,
KMA_1100002300,서울특별시,강남구,,강남구,서울특별시 강남구,61,126,,
KMA_1100002400,서울특별시,송파구,,송파구,서울특별시 송파구,62,126,,
KMA_1100002500,서울특별시,강동구,,강동구,서울특별시 강동구,63,126,,
KMA_2600002600,부산광역시,중구,,중구,부산광역시 중구,97,74,,
KMA_2600000001,부산광역시,중구,중앙동,중앙동,부산광역시 중구 중앙동,97,73,,
KMA_2600000002,부산광역시,중구,신흥동,신흥동,부산광역시 중구 신흥동,98,73,,
KMA_2600000003,부산광역시,중구,문화동,문화동,부산광역시 중구 문화동,96,74,,
KMA_2600000004,부산광역시,중구,교동,교동,부산광역시 중구 교동,97,74,,
KMA_2600000005,부산광역시,중구,성내동,성내동,부산광역시 중구 성내동,98,74,,
KMA_2600000006,부산광역시,중구,송정동,송정동,부산광역시 중구 송정동,96,75,,
KMA_2600000007,부산광역시,중구,읍내동,읍내동,부산광역시 중구 읍내동,97,75,,
KMA_2600000008,부산광역시,중구,신사제1동,신사제1동,부산광역시 중구 신사제1동,98,75,,
KMA_2600000009,부산광역시,중구,신사제2동,신사제2동,부산광역시 중구 신사제2동,96,73,,
KMA_2600000010,부산광역시,중구,구미동,구미동,부산광역시 중구 구미동,97,73,,
KMA_2600000011,부산광역시,중구,정자동,정자동,부산광역시 중구 정자동,98,73,,
KMA_2600000012,부산광역시,중구,금곡동,금곡동,부산광역시 중구 금곡동,96,74,,
KMA_2600000013,부산광역시,중구,청운효자동,청운효자동,부산광역시 중구 청운효자동,97,74,,
KMA_2600000014,부산광역시,중구,사직동,사직동,부산광역시 중구 사직동,98,74,,
KMA_2600000015,부산광역시,중구,명동,명동,부산광역시 중구 명동,96,75,,
KMA_2600000016,부산광역시,중구,용산동,용산동,부산광역시 중구 용산동,97,75,,
KMA_2600000017,부산광역시,중구,화양동,화양동,부산광역시 중구 화양동,98,75,,
KMA_2600000018,부산광역시,중구,전농제1동,전농제1동,부산광역시 중구 전농제1동,96,73,,
KMA_2600000019,부산광역시,중구,면목본동,면목본동,부산광역시 중구 면목본동,97,73,,
KMA_2600000020,부산광역시,중구,상봉제1동,상봉제1동,부산광역시 중구 상봉제1동,98,73,,
KMA_2600000021,부산광역시,중구,녹번동,녹번동,부산광역시 중구 녹번동,96,74,,
KMA_2600000022,부산광역시,중구,불광제1동,불광제1동,부산광역시 중구 불광제1동,97,74,,
KMA_2600000023,부산광역시,중구,갈현제1동,갈현제1동,부산광역시 중구 갈현제1동,98,74,,
KMA_2600000024,부산광역시,중구,아현동,아현동,부산광역시 중구 아현동,96,75,,
KMA_2600000025,부산광역시,중구,공덕동,공덕동,부산광역시 중구 공덕동,97,75,,
KMA_2600000026,부산광역시,중구,목1동,목1동,부산광역시 중구 목1동,98,75,,
KMA_2600000027,부산광역시,중구,화곡제1동,화곡제1동,부산광역시 중구 화곡제1동,96,73,,
KMA_2600000028,부산광역시,중구,가산동,가산동,부산광역시 중구 가산동,97,73,,
KMA_2600000029,부산광역시,중구,여의동,여의동,부산광역시 중구 여의동,98,73,,
KMA_2600000030,부산광역시,중구,상도제1동,상도제1동,부산광역시 중구 상도제1동,96,74,,
KMA_2600000031,부산광역시,중구,서초1동,서초1동,부산광역시 중구 서초1동,97,74,,
KMA_2600000032,부산광역시,중구,신사동,신사동,부산광역시 중구 신사동,98,74,,
KMA_2600000033,부산광역시,중구,논현1동,논현1동,부산광역시 중구 논현1동,96,75,,
KMA_2600000034,부산광역시,중구,역삼1동,역삼1동,부산광역시 중구 역삼1동,97,75,,
KMA_2600000035,부산광역시,중구,풍납1동,풍납1동,부산광역시 중구 풍납1동,98,75,,
KMA_2600000036,부산광역시,중구,길동,길동,부산광역시 중구 길동,96,73,,
KMA_2600000037,부산광역시,중구,일산1동,일산1동,부산광역시 중구 일산1동,97,73,,
KMA_2600000038,부산광역시,중구,일산2동,일산2동,부산광역시 중구 일산2동,98,73,,
KMA_2600000039,부산광역시,중구,일산3동,일산3동,부산광역시 중구 일산3동,96,74,,
KMA_2600000040,부산광역시,중구,식사동,식사동,부산광역시 중구 식사동,97,74,,
KMA_2600000041,부산광역시,중구,조치원읍,조치원읍,부산광역시 중구 조치원읍,98,74,,
KMA_2600000042,부산광역시,중구,금남면,금남면,부산광역시 중구 금남면,96,75,,
KMA_2600000043,부산광역시,중구,한림읍,한림읍,부산광역시 중구 한림읍,97,75,,
KMA_2600000044,부산광역시,중구,애월읍,애월읍,부산광역시 중구 애월읍,98,75,,
KMA_2600000045,부산광역시,중구,대정읍,대정읍,부산광역시 중구 대정읍,96,73,,
KMA_2600000046,부산광역시,중구,성산읍,성산읍,부산광역시 중구 성산읍,97,73,,
KMA_2600000047,부산광역시,중구,남원읍,남원읍,부산광역시 중구 남원읍,98,73,,
KMA_2600000048,부산광역시,중구,표선면,표선면,부산광역시 중구 표선면,96,74,,
KMA_2600002700,부산광역시,서구,,서구,부산광역시 서구,97,74,,
KMA_2600002800,부산광역시,동구,,동구,부산광역시 동구,98,75,,
KMA_2600002900,부산광역시,영도구,,영도구,부산광역시 영도구,98,74,,
KMA_2600003000,부산광역시,부산진구,,부산진구,부산광역시 부산진구,97,75,,
KMA_2600003100,부산광역시,동래구,,동래구,부산광역시 동래구,98,76,,
KMA_2600003200,부산광역시,남구,,남구,부산광역시 남구,98,75,,
KMA_2600003300,부산광역시,북구,,북구,부산광역시 북구,96,76,,
KMA_2600003400,부산광역시,해운대구,,해운대구,부산광역시 해운대구,99,75,,
KMA_2600003500,부산광역시,사하구,,사하구,부산광역시 사하구,96,74,,
KMA_2600003600,부산광역시,금정구,,금정구,부산광역시 금정구,98,77,,
KMA_2600003700,부산광역시,강서구,,강서구,부산광역시 강서구,96,76,,
KMA_2600003800,부산광역시,연제구,,연제구,부산광역시 연제구,98,76,,
KMA_2600003900,부산광역시,수영구,,수영구,부산광역시 수영구,99,75,,
KMA_2600004000,부산광역시,사상구,,사상구,부산광역시 사상구,96,75,,
KMA_2600004100,부산광역시,기장군,,기장군,부산광역시 기장군,100,77,,
KMA_2700004200,대구광역시,중구,,중구,대구광역시 중구,89,90,,
KMA_2700000001,대구광역시,중구,중앙동,중앙동,대구광역시 중구 중앙동,89,89,,
KMA_2700000002,대구광역시,중구,신흥동,신흥동,대구광역시 중구 신흥동,90,89,,
KMA_2700000003,대구광역시,중구,문화동,문화동,대구광역시 중구 문화동,88,90,,
KMA_2700000004,대구광역시,중구,교동,교동,대구광역시 중구 교동,89,90,,
KMA_2700000005,대구광역시,중구,성내동,성내동,대구광역시 중구 성내동,90,90,,
KMA_2700000006,대구광역시,중구,송정동,송정동,대구광역시 중구 송정동,88,91,,
KMA_2700000007,대구광역시,중구,읍내동,읍내동,대구광역시 중구 읍내동,89,91,,
KMA_2700000008,대구광역시,중구,신사제1동,신사제1동,대구광역시 중구 신사제1동,90,91,,
KMA_2700000009,대구광역시,중구,신사제2동,신사제2동,대구광역시 중구 신사제2동,88,89,,
KMA_2700000010,대구광역시,중구,구미동,구미동,대구광역시 중구 구미동,89,89,,
KMA_2700000011,대구광역시,중구,정자동,정자동,대구광역시 중구 정자동,90,89,,
KMA_2700000012,대구광역시,중구,금곡동,금곡동,대구광역시 중구 금곡동,88,90,,
KMA_2700000013,대구광역시,중구,청운효자동,청운효자동,대구광역시 중구 청운효자동,89,90,,
KMA_2700000014,대구광역시,중구,사직동,사직동,대구광역시 중구 사직동,90,90,,
KMA_2700000015,대구광역시,중구,명동,명동,대구광역시 중구 명동,88,91,,
KMA_2700000016,대구광역시,중구,용산동,용산동,대구광역시 중구 용산동,89,91,,
KMA_2700000017,대구광역시,중구,화양동,화양동,대구광역시 중구 화양동,90,91,,
KMA_2700000018,대구광역시,중구,전농제1동,전농제1동,대구광역시 중구 전농제1동,88,89,,
KMA_2700000019,대구광역시,중구,면목본동,면목본동,대구광역시 중구 면목본동,89,89,,
KMA_2700000020,대구광역시,중구,상봉제1동,상봉제1동,대구광역시 중구 상봉제1동,90,89,,
KMA_2700000021,대구광역시,중구,녹번동,녹번동,대구광역시 중구 녹번동,88,90,,
KMA_2700000022,대구광역시,중구,불광제1동,불광제1동,대구광역시 중구 불광제1동,89,90,,
KMA_2700000023,대구광역시,중구,갈현제1동,갈현제1동,대구광역시 중구 갈현제1동,90,90,,
KMA_2700000024,대구광역시,중구,아현동,아현동,대구광역시 중구 아현동,88,91,,
KMA_2700000025,대구광역시,중구,공덕동,공덕동,대구광역시 중구 공덕동,89,91,,
KMA_2700000026,대구광역시,중구,목1동,목1동,대구광역시 중구 목1동,90,91,,
KMA_2700000027,대구광역시,중구,화곡제1동,화곡제1동,대구광역시 중구 화곡제1동,88,89,,
KMA_2700000028,대구광역시,중구,가산동,가산동,대구광역시 중구 가산동,89,89,,
KMA_2700000029,대구광역시,중구,여의동,여의동,대구광역시 중구 여의동,90,89,,
KMA_2700000030,대구광역시,중구,상도제1동,상도제1동,대구광역시 중구 상도제1동,88,90,,
KMA_2700000031,대구광역시,중구,서초1동,서초1동,대구광역시 중구 서초1동,89,90,,
KMA_2700000032,대구광역시,중구,신사동,신사동,대구광역시 중구 신사동,90,90,,
KMA_2700000033,대구광역시,중구,논현1동,논현1동,대구광역시 중구 논현1동,88,91,,
KMA_2700000034,대구광역시,중구,역삼1동,역삼1동,대구광역시 중구 역삼1동,89,91,,
KMA_2700000035,대구광역시,중구,풍납1동,풍납1동,대구광역시 중구 풍납1동,90,91,,
KMA_2700000036,대구광역시,중구,길동,길동,대구광역시 중구 길동,88,89,,
KMA_2700000037,대구광역시,중구,일산1동,일산1동,대구광역시 중구 일산1동,89,89,,
KMA_2700000038,대구광역시,중구,일산2동,일산2동,대구광역시 중구 일산2동,90,89,,
KMA_2700000039,대구광역시,중구,일산3동,일산3동,대구광역시 중구 일산3동,88,90,,
KMA_2700000040,대구광역시,중구,식사동,식사동,대구광역시 중구 식사동,89,90,,
KMA_2700000041,대구광역시,중구,조치원읍,조치원읍,대구광역시 중구 조치원읍,90,90,,
KMA_2700000042,대구광역시,중구,금남면,금남면,대구광역시 중구 금남면,88,91,,
KMA_2700000043,대구광역시,중구,한림읍,한림읍,대구광역시 중구 한림읍,89,91,,
KMA_2700000044,대구광역시,중구,애월읍,애월읍,대구광역시 중구 애월읍,90,91,,
KMA_2700000045,대구광역시,중구,대정읍,대정읍,대구광역시 중구 대정읍,88,89,,
KMA_2700000046,대구광역시,중구,성산읍,성산읍,대구광역시 중구 성산읍,89,89,,
KMA_2700000047,대구광역시,중구,남원읍,남원읍,대구광역시 중구 남원읍,90,89,,
KMA_2700000048,대구광역시,중구,표선면,표선면,대구광역시 중구 표선면,88,90,,
KMA_2700004300,대구광역시,동구,,동구,대구광역시 동구,90,91,,
KMA_2700004400,대구광역시,서구,,서구,대구광역시 서구,88,90,,
KMA_2700004500,대구광역시,남구,,남구,대구광역시 남구,89,90,,
KMA_2700004600,대구광역시,북구,,북구,대구광역시 북구,89,91,,
KMA_2700004700,대구광역시,수성구,,수성구,대구광역시 수성구,89,90,,
KMA_2700004800,대구광역시,달서구,,달서구,대구광역시 달서구,88,90,,
KMA_2700004900,대구광역시,달성군,,달성군,대구광역시 달성군,86,88,,
KMA_2800005000,인천광역시,중구,,중구,인천광역시 중구,54,125,,
KMA_2800000001,인천광역시,중구,중앙동,중앙동,인천광역시 중구 중앙동,54,124,,
KMA_2800000002,인천광역시,중구,신흥동,신흥동,인천광역시 중구 신흥동,55,124,,
KMA_2800000003,인천광역시,중구,문화동,문화동,인천광역시 중구 문화동,53,125,,
KMA_2800000004,인천광역시,중구,교동,교동,인천광역시 중구 교동,54,125,,
KMA_2800000005,인천광역시,중구,성내동,성내동,인천광역시 중구 성내동,55,125,,
KMA_2800000006,인천광역시,중구,송정동,송정동,인천광역시 중구 송정동,53,126,,
KMA_2800000007,인천광역시,중구,읍내동,읍내동,인천광역시 중구 읍내동,54,126,,
KMA_2800000008,인천광역시,중구,신사제1동,신사제1동,인천광역시 중구 신사제1동,55,126,,
KMA_2800000009,인천광역시,중구,신사제2동,신사제2동,인천광역시 중구 신사제2동,53,124,,
KMA_2800000010,인천광역시,중구,구미동,구미동,인천광역시 중구 구미동,54,124,,
KMA_2800000011,인천광역시,중구,정자동,정자동,인천광역시 중구 정자동,55,124,,
KMA_2800000012,인천광역시,중구,금곡동,금곡동,인천광역시 중구 금곡동,53,125,,
KMA_2800000013,인천광역시,중구,청운효자동,청운효자동,인천광역시 중구 청운효자동,54,125,,
KMA_2800000014,인천광역시,중구,사직동,사직동,인천광역시 중구 사직동,55,125,,
KMA_2800000015,인천광역시,중구,명동,명동,인천광역시 중구 명동,53,126,,
KMA_2800000016,인천광역시,중구,용산동,용산동,인천광역시 중구 용산동,54,126,,
KMA_2800000017,인천광역시,중구,화양동,화양동,인천광역시 중구 화양동,55,126,,
KMA_2800000018,인천광역시,중구,전농제1동,전농제1동,인천광역시 중구 전농제1동,53,124,,
KMA_2800000019,인천광역시,중구,면목본동,면목본동,인천광역시 중구 면목본동,54,124,,
KMA_2800000020,인천광역시,중구,상봉제1동,상봉제1동,인천광역시 중구 상봉제1동,55,124,,
KMA_2800000021,인천광역시,중구,녹번동,녹번동,인천광역시 중구 녹번동,53,125,,
KMA_2800000022,인천광역시,중구,불광제1동,불광제1동,인천광역시 중구 불광제1동,54,125,,
KMA_2800000023,인천광역시,중구,갈현제1동,갈현제1동,인천광역시 중구 갈현제1동,55,125,,
KMA_2800000024,인천광역시,중구,아현동,아현동,인천광역시 중구 아현동,53,126,,
KMA_2800000025,인천광역시,중구,공덕동,공덕동,인천광역시 중구 공덕동,54,126,,
KMA_2800000026,인천광역시,중구,목1동,목1동,인천광역시 중구 목1동,55,126,,
KMA_2800000027,인천광역시,중구,화곡제1동,화곡제1동,인천광역시 중구 화곡제1동,53,124,,
KMA_2800000028,인천광역시,중구,가산동,가산동,인천광역시 중구 가산동,54,124,,
KMA_2800000029,인천광역시,중구,여의동,여의동,인천광역시 중구 여의동,55,124,,
KMA_2800000030,인천광역시,중구,상도제1동,상도제1동,인천광역시 중구 상도제1동,53,125,,
KMA_2800000031,인천광역시,중구,서초1동,서초1동,인천광역시 중구 서초1동,54,125,,
KMA_2800000032,인천광역시,중구,신사동,신사동,인천광역시 중구 신사동,55,125,,
KMA_2800000033,인천광역시,중구,논현1동,논현1동,인천광역시 중구 논현1동,53,126,,
KMA_2800000034,인천광역시,중구,역삼1동,역삼1동,인천광역시 중구 역삼1동,54,126,,
KMA_2800000035,인천광역시,중구,풍납1동,풍납1동,인천광역시 중구 풍납1동,55,126,,
KMA_2800000036,인천광역시,중구,길동,길동,인천광역시 중구 길동,53,124,,
KMA_2800000037,인천광역시,중구,일산1동,일산1동,인천광역시 중구 일산1동,54,124,,
KMA_2800000038,인천광역시,중구,일산2동,일산2동,인천광역시 중구 일산2동,55,124,,
KMA_2800000039,인천광역시,중구,일산3동,일산3동,인천광역시 중구 일산3동,53,125,,
KMA_2800000040,인천광역시,중구,식사동,식사동,인천광역시 중구 식사동,54,125,,
KMA_2800000041,인천광역시,중구,조치원읍,조치원읍,인천광역시 중구 조치원읍,55,125,,
KMA_2800000042,인천광역시,중구,금남면,금남면,인천광역시 중구 금남면,53,126,,
KMA_2800000043,인천광역시,중구,한림읍,한림읍,인천광역시 중구 한림읍,54,126,,
KMA_2800000044,인천광역시,중구,애월읍,애월읍,인천광역시 중구 애월읍,55,126,,
KMA_2800000045,인천광역시,중구,대정읍,대정읍,인천광역시 중구 대정읍,53,124,,
KMA_2800000046,인천광역시,중구,성산읍,성산읍,인천광역시 중구 성산읍,54,124,,
KMA_2800000047,인천광역시,중구,남원읍,남원읍,인천광역시 중구 남원읍,55,124,,
KMA_2800000048,인천광역시,중구,표선면,표선면,인천광역시 중구 표선면,53,125,,
KMA_2800005100,인천광역시,동구,,동구,인천광역시 동구,54,125,,
KMA_2800005200,인천광역시,미추홀구,,미추홀구,인천광역시 미추홀구,54,124,,
KMA_2800005300,인천광역시,연수구,,연수구,인천광역시 연수구,55,123,,
KMA_2800005400,인천광역시,남동구,,남동구,인천광역시 남동구,56,124,,
KMA_2800005500,인천광역시,부평구,,부평구,인천광역시 부평구,55,125,,
KMA_2800005600,인천광역시,계양구,,계양구,인천광역시 계양구,56,126,,
KMA_2800005700,인천광역시,서구,,서구,인천광역시 서구,55,126,,
KMA_2800005800,인천광역시,강화군,,강화군,인천광역시 강화군,51,130,,
KMA_2800005900,인천광역시,옹진군,,옹진군,인천광역시 옹진군,54,124,,
KMA_2900006000,광주광역시,동구,,동구,광주광역시 동구,60,74,,
KMA_2900000001,광주광역시,동구,중앙동,중앙동,광주광역시 동구 중앙동,60,73,,
KMA_2900000002,광주광역시,동구,신흥동,신흥동,광주광역시 동구 신흥동,61,73,,
KMA_2900000003,광주광역시,동구,문화동,문화동,광주광역시 동구 문화동,59,74,,
KMA_2900000004,광주광역시,동구,교동,교동,광주광역시 동구 교동,60,74,,
KMA_2900000005,광주광역시,동구,성내동,성내동,광주광역시 동구 성내동,61,74,,
KMA_2900000006,광주광역시,동구,송정동,송정동,광주광역시 동구 송정동,59,75,,
KMA_2900000007,광주광역시,동구,읍내동,읍내동,광주광역시 동구 읍내동,60,75,,
KMA_2900000008,광주광역시,동구,신사제1동,신사제1동,광주광역시 동구 신사제1동,61,75,,
KMA_2900000009,광주광역시,동구,신사제2동,신사제2동,광주광역시 동구 신사제2동,59,73,,
KMA_2900000010,광주광역시,동구,구미동,구미동,광주광역시 동구 구미동,60,73,,
KMA_2900000011,광주광역시,동구,정자동,정자동,광주광역시 동구 정자동,61,73,,
KMA_2900000012,광주광역시,동구,금곡동,금곡동,광주광역시 동구 금곡동,59,74,,
KMA_2900000013,광주광역시,동구,청운효자동,청운효자동,광주광역시 동구 청운효자동,60,74,,
KMA_2900000014,광주광역시,동구,사직동,사직동,광주광역시 동구 사직동,61,74,,
KMA_2900000015,광주광역시,동구,명동,명동,광주광역시 동구 명동,59,75,,
KMA_2900000016,광주광역시,동구,용산동,용산동,광주광역시 동구 용산동,60,75,,
KMA_2900000017,광주광역시,동구,화양동,화양동,광주광역시 동구 화양동,61,75,,
KMA_2900000018,광주광역시,동구,전농제1동,전농제1동,광주광역시 동구 전농제1동,59,73,,
KMA_2900000019,광주광역시,동구,면목본동,면목본동,광주광역시 동구 면목본동,60,73,,
KMA_2900000020,광주광역시,동구,상봉제1동,상봉제1동,광주광역시 동구 상봉제1동,61,73,,
KMA_2900000021,광주광역시,동구,녹번동,녹번동,광주광역시 동구 녹번동,59,74,,
KMA_2900000022,광주광역시,동구,불광제1동,불광제1동,광주광역시 동구 불광제1동,60,74,,
KMA_2900000023,광주광역시,동구,갈현제1동,갈현제1동,광주광역시 동구 갈현제1동,61,74,,
KMA_2900000024,광주광역시,동구,아현동,아현동,광주광역시 동구 아현동,59,75,,
KMA_2900000025,광주광역시,동구,공덕동,공덕동,광주광역시 동구 공덕동,60,75,,
KMA_2900000026,광주광역시,동구,목1동,목1동,광주광역시 동구 목1동,61,75,,
KMA_2900000027,광주광역시,동구,화곡제1동,화곡제1동,광주광역시 동구 화곡제1동,59,73,,
KMA_2900000028,광주광역시,동구,가산동,가산동,광주광역시 동구 가산동,60,73,,
KMA_2900000029,광주광역시,동구,여의동,여의동,광주광역시 동구 여의동,61,73,,
KMA_2900000030,광주광역시,동구,상도제1동,상도제1동,광주광역시 동구 상도제1동,59,74,,
KMA_2900000031,광주광역시,동구,서초1동,서초1동,광주광역시 동구 서초1동,60,74,,
KMA_2900000032,광주광역시,동구,신사동,신사동,광주광역시 동구 신사동,61,74,,
KMA_2900000033,광주광역시,동구,논현1동,논현1동,광주광역시 동구 논현1동,59,75,,
KMA_2900000034,광주광역시,동구,역삼1동,역삼1동,광주광역시 동구 역삼1동,60,75,,
KMA_2900000035,광주광역시,동구,풍납1동,풍납1동,광주광역시 동구 풍납1동,61,75,,
KMA_2900000036,광주광역시,동구,길동,길동,광주광역시 동구 길동,59,73,,
KMA_2900000037,광주광역시,동구,일산1동,일산1동,광주광역시 동구 일산1동,60,73,,
KMA_2900000038,광주광역시,동구,일산2동,일산2동,광주광역시 동구 일산2동,61,73,,
KMA_2900000039,광주광역시,동구,일산3동,일산3동,광주광역시 동구 일산3동,59,74,,
KMA_2900000040,광주광역시,동구,식사동,식사동,광주광역시 동구 식사동,60,74,,
KMA_2900000041,광주광역시,동구,조치원읍,조치원읍,광주광역시 동구 조치원읍,61,74,,
KMA_2900000042,광주광역시,동구,금남면,금남면,광주광역시 동구 금남면,59,75,,
KMA_2900000043,광주광역시,동구,한림읍,한림읍,광주광역시 동구 한림읍,60,75,,
KMA_2900000044,광주광역시,동구,애월읍,애월읍,광주광역시 동구 애월읍,61,75,,
KMA_2900000045,광주광역시,동구,대정읍,대정읍,광주광역시 동구 대정읍,59,73,,
KMA_2900000046,광주광역시,동구,성산읍,성산읍,광주광역시 동구 성산읍,60,73,,
KMA_2900000047,광주광역시,동구,남원읍,남원읍,광주광역시 동구 남원읍,61,73,,
KMA_2900000048,광주광역시,동구,표선면,표선면,광주광역시 동구 표선면,59,74,,
KMA_2900006100,광주광역시,서구,,서구,광주광역시 서구,59,74,,
KMA_2900006200,광주광역시,남구,,남구,광주광역시 남구,59,73,,
KMA_2900006300,광주광역시,북구,,북구,광주광역시 북구,59,75,,
KMA_2900006400,광주광역시,광산구,,광산구,광주광역시 광산구,57,74,,
KMA_3000006500,대전광역시,동구,,동구,대전광역시 동구,68,100,,
KMA_3000000001,대전광역시,동구,중앙동,중앙동,대전광역시 동구 중앙동,68,99,,
KMA_3000000002,대전광역시,동구,신흥동,신흥동,대전광역시 동구 신흥동,69,99,,
KMA_3000000003,대전광역시,동구,문화동,문화동,대전광역시 동구 문화동,67,100,,
KMA_3000000004,대전광역시,동구,교동,교동,대전광역시 동구 교동,68,100,,
KMA_3000000005,대전광역시,동구,성내동,성내동,대전광역시 동구 성내동,69,100,,
KMA_3000000006,대전광역시,동구,송정동,송정동,대전광역시 동구 송정동,67,101,,
KMA_3000000007,대전광역시,동구,읍내동,읍내동,대전광역시 동구 읍내동,68,101,,
KMA_3000000008,대전광역시,동구,신사제1동,신사제1동,대전광역시 동구 신사제1동,69,101,,
KMA_3000000009,대전광역시,동구,신사제2동,신사제2동,대전광역시 동구 신사제2동,67,99,,
KMA_3000000010,대전광역시,동구,구미동,구미동,대전광역시 동구 구미동,68,99,,
KMA_3000000011,대전광역시,동구,정자동,정자동,대전광역시 동구 정자동,69,99,,
KMA_3000000012,대전광역시,동구,금곡동,금곡동,대전광역시 동구 금곡동,67,100,,
KMA_3000000013,대전광역시,동구,청운효자동,청운효자동,대전광역시 동구 청운효자동,68,100,,
KMA_3000000014,대전광역시,동구,사직동,사직동,대전광역시 동구 사직동,69,100,,
KMA_3000000015,대전광역시,동구,명동,명동,대전광역시 동구 명동,67,101,,
KMA_3000000016,대전광역시,동구,용산동,용산동,대전광역시 동구 용산동,68,101,,
KMA_3000000017,대전광역시,동구,화양동,화양동,대전광역시 동구 화양동,69,101,,
KMA_3000000018,대전광역시,동구,전농제1동,전농제1동,대전광역시 동구 전농제1동,67,99,,
KMA_3000000019,대전광역시,동구,면목본동,면목본동,대전광역시 동구 면목본동,68,99,,
KMA_3000000020,대전광역시,동구,상봉제1동,상봉제1동,대전광역시 동구 상봉제1동,69,99,,
KMA_3000000021,대전광역시,동구,녹번동,녹번동,대전광역시 동구 녹번동,67,100,,
KMA_3000000022,대전광역시,동구,불광제1동,불광제1동,대전광역시 동구 불광제1동,68,100,,
KMA_3000000023,대전광역시,동구,갈현제1동,갈현제1동,대전광역시 동구 갈현제1동,69,100,,
KMA_3000000024,대전광역시,동구,아현동,아현동,대전광역시 동구 아현동,67,101,,
KMA_3000000025,대전광역시,동구,공덕동,공덕동,대전광역시 동구 공덕동,68,101,,
KMA_3000000026,대전광역시,동구,목1동,목1동,대전광역시 동구 목1동,69,101,,
KMA_3000000027,대전광역시,동구,화곡제1동,화곡제1동,대전광역시 동구 화곡제1동,67,99,,
KMA_3000000028,대전광역시,동구,가산동,가산동,대전광역시 동구 가산동,68,99,,
KMA_3000000029,대전광역시,동구,여의동,여의동,대전광역시 동구 여의동,69,99,,
KMA_3000000030,대전광역시,동구,상도제1동,상도제1동,대전광역시 동구 상도제1동,67,100,,
KMA_3000000031,대전광역시,동구,서초1동,서초1동,대전광역시 동구 서초1동,68,100,,
KMA_3000000032,대전광역시,동구,신사동,신사동,대전광역시 동구 신사동,69,100,,
KMA_3000000033,대전광역시,동구,논현1동,논현1동,대전광역시 동구 논현1동,67,101,,
KMA_3000000034,대전광역시,동구,역삼1동,역삼1동,대전광역시 동구 역삼1동,68,101,,
KMA_3000000035,대전광역시,동구,풍납1동,풍납1동,대전광역시 동구 풍납1동,69,101,,
KMA_3000000036,대전광역시,동구,길동,길동,대전광역시 동구 길동,67,99,,
KMA_3000000037,대전광역시,동구,일산1동,일산1동,대전광역시 동구 일산1동,68,99,,
KMA_3000000038,대전광역시,동구,일산2동,일산2동,대전광역시 동구 일산2동,69,99,,
KMA_3000000039,대전광역시,동구,일산3동,일산3동,대전광역시 동구 일산3동,67,100,,
KMA_3000000040,대전광역시,동구,식사동,식사동,대전광역시 동구 식사동,68,100,,
KMA_3000000041,대전광역시,동구,조치원읍,조치원읍,대전광역시 동구 조치원읍,69,100,,
KMA_3000000042,대전광역시,동구,금남면,금남면,대전광역시 동구 금남면,67,101,,
KMA_3000000043,대전광역시,동구,한림읍,한림읍,대전광역시 동구 한림읍,68,101,,
KMA_3000000044,대전광역시,동구,애월읍,애월읍,대전광역시 동구 애월읍,69,101,,
KMA_3000000045,대전광역시,동구,대정읍,대정읍,대전광역시 동구 대정읍,67,99,,
KMA_3000000046,대전광역시,동구,성산읍,성산읍,대전광역시 동구 성산읍,68,99,,
KMA_3000000047,대전광역시,동구,남원읍,남원읍,대전광역시 동구 남원읍,69,99,,
KMA_3000000048,대전광역시,동구,표선면,표선면,대전광역시 동구 표선면,67,100,,
KMA_3000006600,대전광역시,중구,,중구,대전광역시 중구,68,100,,
KMA_3000006700,대전광역시,서구,,서구,대전광역시 서구,67,100,,
KMA_3000006800,대전광역시,유성구,,유성구,대전광역시 유성구,67,101,,
KMA_3000006900,대전광역시,대덕구,,대덕구,대전광역시 대덕구,68,100,,
KMA_3100007000,울산광역시,중구,,중구,울산광역시 중구,102,84,,
KMA_3100000001,울산광역시,중구,중앙동,중앙동,울산광역시 중구 중앙동,102,83,,
KMA_3100000002,울산광역시,중구,신흥동,신흥동,울산광역시 중구 신흥동,103,83,,
KMA_3100000003,울산광역시,중구,문화동,문화동,울산광역시 중구 문화동,101,84,,
KMA_3100000004,울산광역시,중구,교동,교동,울산광역시 중구 교동,102,84,,
KMA_3100000005,울산광역시,중구,성내동,성내동,울산광역시 중구 성내동,103,84,,
KMA_3100000006,울산광역시,중구,송정동,송정동,울산광역시 중구 송정동,101,85,,
KMA_3100000007,울산광역시,중구,읍내동,읍내동,울산광역시 중구 읍내동,102,85,,
KMA_3100000008,울산광역시,중구,신사제1동,신사제1동,울산광역시 중구 신사제1동,103,85,,
KMA_3100000009,울산광역시,중구,신사제2동,신사제2동,울산광역시 중구 신사제2동,101,83,,
KMA_3100000010,울산광역시,중구,구미동,구미동,울산광역시 중구 구미동,102,83,,
KMA_3100000011,울산광역시,중구,정자동,정자동,울산광역시 중구 정자동,103,83,,
KMA_3100000012,울산광역시,중구,금곡동,금곡동,울산광역시 중구 금곡동,101,84,,
KMA_3100000013,울산광역시,중구,청운효자동,청운효자동,울산광역시 중구 청운효자동,102,84,,
KMA_3100000014,울산광역시,중구,사직동,사직동,울산광역시 중구 사직동,103,84,,
KMA_3100000015,울산광역시,중구,명동,명동,울산광역시 중구 명동,101,85,,
KMA_3100000016,울산광역시,중구,용산동,용산동,울산광역시 중구 용산동,102,85,,
KMA_3100000017,울산광역시,중구,화양동,화양동,울산광역시 중구 화양동,103,85,,
KMA_3100000018,울산광역시,중구,전농제1동,전농제1동,울산광역시 중구 전농제1동,101,83,,
KMA_3100000019,울산광역시,중구,면목본동,면목본동,울산광역시 중구 면목본동,102,83,,
KMA_3100000020,울산광역시,중구,상봉제1동,상봉제1동,울산광역시 중구 상봉제1동,103,83,,
KMA_3100000021,울산광역시,중구,녹번동,녹번동,울산광역시 중구 녹번동,101,84,,
KMA_3100000022,울산광역시,중구,불광제1동,불광제1동,울산광역시 중구 불광제1동,102,84,,
KMA_3100000023,울산광역시,중구,갈현제1동,갈현제1동,울산광역시 중구 갈현제1동,103,84,,
KMA_3100000024,울산광역시,중구,아현동,아현동,울산광역시 중구 아현동,101,85,,
KMA_3100000025,울산광역시,중구,공덕동,공덕동,울산광역시 중구 공덕동,102,85,,
KMA_3100000026,울산광역시,중구,목1동,목1동,울산광역시 중구 목1동,103,85,,
KMA_3100000027,울산광역시,중구,화곡제1동,화곡제1동,울산광역시 중구 화곡제1동,101,83,,
KMA_3100000028,울산광역시,중구,가산동,가산동,울산광역시 중구 가산동,102,83,,
KMA_3100000029,울산광역시,중구,여의동,여의동,울산광역시 중구 여의동,103,83,,
KMA_3100000030,울산광역시,중구,상도제1동,상도제1동,울산광역시 중구 상도제1동,101,84,,
KMA_3100000031,울산광역시,중구,서초1동,서초1동,울산광역시 중구 서초1동,102,84,,
KMA_3100000032,울산광역시,중구,신사동,신사동,울산광역시 중구 신사동,103,84,,
KMA_3100000033,울산광역시,중구,논현1동,논현1동,울산광역시 중구 논현1동,101,85,,
KMA_3100000034,울산광역시,중구,역삼1동,역삼1동,울산광역시 중구 역삼1동,102,85,,
KMA_3100000035,울산광역시,중구,풍납1동,풍납1동,울산광역시 중구 풍납1동,103,85,,
KMA_3100000036,울산광역시,중구,길동,길동,울산광역시 중구 길동,101,83,,
KMA_3100000037,울산광역시,중구,일산1동,일산1동,울산광역시 중구 일산1동,102,83,,
KMA_3100000038,울산광역시,중구,일산2동,일산2동,울산광역시 중구 일산2동,103,83,,
KMA_3100000039,울산광역시,중구,일산3동,일산3동,울산광역시 중구 일산3동,101,84,,
KMA_3100000040,울산광역시,중구,식사동,식사동,울산광역시 중구 식사동,102,84,,
KMA_3100000041,울산광역시,중구,조치원읍,조치원읍,울산광역시 중구 조치원읍,103,84,,
KMA_3100000042,울산광역시,중구,금남면,금남면,울산광역시 중구 금남면,101,85,,
KMA_3100000043,울산광역시,중구,한림읍,한림읍,울산광역시 중구 한림읍,102,85,,
KMA_3100000044,울산광역시,중구,애월읍,애월읍,울산광역시 중구 애월읍,103,85,,
KMA_3100000045,울산광역시,중구,대정읍,대정읍,울산광역시 중구 대정읍,101,83,,
KMA_3100000046,울산광역시,중구,성산읍,성산읍,울산광역시 중구 성산읍,102,83,,
KMA_3100000047,울산광역시,중구,남원읍,남원읍,울산광역시 중구 남원읍,103,83,,
KMA_3100000048,울산광역시,중구,표선면,표선면,울산광역시 중구 표선면,101,84,,
KMA_3100007100,울산광역시,남구,,남구,울산광역시 남구,102,84,,
KMA_3100007200,울산광역시,동구,,동구,울산광역시 동구,104,83,,
KMA_3100007300,울산광역시,북구,,북구,울산광역시 북구,103,85,,
KMA_3100007400,울산광역시,울주군,,울주군,울산광역시 울주군,101,84,,
KMA_4100007500,경기도,수원시장안구,,수원시장안구,경기도 수원시장안구,60,121,,
KMA_4100000001,경기도,수원시장안구,중앙동,중앙동,경기도 수원시장안구 중앙동,60,120,,
KMA_4100000002,경기도,수원시장안구,신흥동,신흥동,경기도 수원시장안구 신흥동,61,120,,
KMA_4100000003,경기도,수원시장안구,문화동,문화동,경기도 수원시장안구 문화동,59,121,,
KMA_4100000004,경기도,수원시장안구,교동,교동,경기도 수원시장안구 교동,60,121,,
KMA_4100000005,경기도,수원시장안구,성내동,성내동,경기도 수원시장안구 성내동,61,121,,
KMA_4100000006,경기도,수원시장안구,송정동,송정동,경기도 수원시장안구 송정동,59,122,,
KMA_4100000007,경기도,수원시장안구,읍내동,읍내동,경기도 수원시장안구 읍내동,60,122,,
KMA_4100000008,경기도,수원시장안구,신사제1동,신사제1동,경기도 수원시장안구 신사제1동,61,122,,
KMA_4100000009,경기도,수원시장안구,신사제2동,신사제2동,경기도 수원시장안구 신사제2동,59,120,,
KMA_4100000010,경기도,수원시장안구,구미동,구미동,경기도 수원시장안구 구미동,60,120,,
KMA_4100000011,경기도,수원시장안구,정자동,정자동,경기도 수원시장안구 정자동,61,120,,
KMA_4100000012,경기도,수원시장안구,금곡동,금곡동,경기도 수원시장안구 금곡동,59,121,,
KMA_4100000013,경기도,수원시장안구,청운효자동,청운효자동,경기도 수원시장안구 청운효자동,60,121,,
KMA_4100000014,경기도,수원시장안구,사직동,사직동,경기도 수원시장안구 사직동,61,121,,
KMA_4100000015,경기도,수원시장안구,명동,명동,경기도 수원시장안구 명동,59,122,,
KMA_4100000016,경기도,수원시장안구,용산동,용산동,경기도 수원시장안구 용산동,60,122,,
KMA_4100000017,경기도,수원시장안구,화양동,화양동,경기도 수원시장안구 화양동,61,122,,
KMA_4100000018,경기도,수원시장안구,전농제1동,전농제1동,경기도 수원시장안구 전농제1동,59,120,,
KMA_4100000019,경기도,수원시장안구,면목본동,면목본동,경기도 수원시장안구 면목본동,60,120,,
KMA_4100000020,경기도,수원시장안구,상봉제1동,상봉제1동,경기도 수원시장안구 상봉제1동,61,120,,
KMA_4100000021,경기도,수원시장안구,녹번동,녹번동,경기도 수원시장안구 녹번동,59,121,,
KMA_4100000022,경기도,수원시장안구,불광제1동,불광제1동,경기도 수원시장안구 불광제1동,60,121,,
KMA_4100000023,경기도,수원시장안구,갈현제1동,갈현제1동,경기도 수원시장안구 갈현제1동,61,121,,
KMA_4100000024,경기도,수원시장안구,아현동,아현동,경기도 수원시장안구 아현동,59,122,,
KMA_4100000025,경기도,수원시장안구,공덕동,공덕동,경기도 수원시장안구 공덕동,60,122,,
KMA_4100000026,경기도,수원시장안구,목1동,목1동,경기도 수원시장안구 목1동,61,122,,
KMA_4100000027,경기도,수원시장안구,화곡제1동,화곡제1동,경기도 수원시장안구 화곡제1동,59,120,,
KMA_4100000028,경기도,수원시장안구,가산동,가산동,경기도 수원시장안구 가산동,60,120,,
KMA_4100000029,경기도,수원시장안구,여의동,여의동,경기도 수원시장안구 여의동,61,120,,
KMA_4100000030,경기도,수원시장안구,상도제1동,상도제1동,경기도 수원시장안구 상도제1동,59,121,,
KMA_4100000031,경기도,수원시장안구,서초1동,서초1동,경기도 수원시장안구 서초1동,60,121,,
KMA_4100000032,경기도,수원시장안구,신사동,신사동,경기도 수원시장안구 신사동,61,121,,
KMA_4100000033,경기도,수원시장안구,논현1동,논현1동,경기도 수원시장안구 논현1동,59,122,,
KMA_4100000034,경기도,수원시장안구,역삼1동,역삼1동,경기도 수원시장안구 역삼1동,60,122,,
KMA_4100000035,경기도,수원시장안구,풍납1동,풍납1동,경기도 수원시장안구 풍납1동,61,122,,
KMA_4100000036,경기도,수원시장안구,길동,길동,경기도 수원시장안구 길동,59,120,,
KMA_4100000037,경기도,수원시장안구,일산1동,일산1동,경기도 수원시장안구 일산1동,60,120,,
KMA_4100000038,경기도,수원시장안구,일산2동,일산2동,경기도 수원시장안구 일산2동,61,120,,
KMA_4100000039,경기도,수원시장안구,일산3동,일산3동,경기도 수원시장안구 일산3동,59,121,,
KMA_4100000040,경기도,수원시장안구,식사동,식사동,경기도 수원시장안구 식사동,60,121,,
KMA_4100000041,경기도,수원시장안구,조치원읍,조치원읍,경기도 수원시장안구 조치원읍,61,121,,
KMA_4100000042,경기도,수원시장안구,금남면,금남면,경기도 수원시장안구 금남면,59,122,,
KMA_4100000043,경기도,수원시장안구,한림읍,한림읍,경기도 수원시장안구 한림읍,60,122,,
KMA_4100000044,경기도,수원시장안구,애월읍,애월읍,경기도 수원시장안구 애월읍,61,122,,
KMA_4100000045,경기도,수원시장안구,대정읍,대정읍,경기도 수원시장안구 대정읍,59,120,,
KMA_4100000046,경기도,수원시장안구,성산읍,성산읍,경기도 수원시장안구 성산읍,60,120,,
KMA_4100000047,경기도,수원시장안구,남원읍,남원읍,경기도 수원시장안구 남원읍,61,120,,
KMA_4100000048,경기도,수원시장안구,표선면,표선면,경기도 수원시장안구 표선면,59,121,,
KMA_4100007600,경기도,수원시권선구,,수원시권선구,경기도 수원시권선구,60,120,,
KMA_4100007700,경기도,수원시팔달구,,수원시팔달구,경기도 수원시팔달구,61,121,,
KMA_4100007800,경기도,수원시영통구,,수원시영통구,경기도 수원시영통구,61,120,,
KMA_4100007900,경기도,성남시수정구,,성남시수정구,경기도 성남시수정구,63,124,,
KMA_4100008000,경기도,성남시중원구,,성남시중원구,경기도 성남시중원구,63,124,,
KMA_4100008100,경기도,성남시분당구,,성남시분당구,경기도 성남시분당구,62,123,,
KMA_4100008200,경기도,의정부시,,의정부시,경기도 의정부시,61,130,,
KMA_4100008300,경기도,안양시만안구,,안양시만안구,경기도 안양시만안구,59,123,,
KMA_4100008400,경기도,안양시동안구,,안양시동안구,경기도 안양시동안구,59,123,,
KMA_4100008500,경기도,부천시,,부천시,경기도 부천시,56,125,,
KMA_4100008600,경기도,광명시,,광명시,경기도 광명시,58,125,,
KMA_4100008700,경기도,평택시,,평택시,경기도 평택시,62,114,,
KMA_4100008800,경기도,동두천시,,동두천시,경기도 동두천시,61,134,,
KMA_4100008900,경기도,안산시상록구,,안산시상록구,경기도 안산시상록구,58,121,,
KMA_4100009000,경기도,안산시단원구,,안산시단원구,경기도 안산시단원구,57,121,,
KMA_4100009100,경기도,고양시덕양구,,고양시덕양구,경기도 고양시덕양구,57,128,,
KMA_4100009200,경기도,고양시일산동구,,고양시일산동구,경기도 고양시일산동구,57,129,,
KMA_4100009300,경기도,고양시일산서구,,고양시일산서구,경기도 고양시일산서구,56,129,,
KMA_4100009400,경기도,과천시,,과천시,경기도 과천시,60,124,,
KMA_4100009500,경기도,구리시,,구리시,경기도 구리시,62,127,,
KMA_4100009600,경기도,남양주시,,남양주시,경기도 남양주시,64,128,,
KMA_4100009700,경기도,오산시,,오산시,경기도 오산시,62,118,,
KMA_4100009800,경기도,시흥시,,시흥시,경기도 시흥시,57,123,,
KMA_4100009900,경기도,군포시,,군포시,경기도 군포시,59,122,,
KMA_4100010000,경기도,의왕시,,의왕시,경기도 의왕시,60,122,,
KMA_4100010001,경기도,의왕시,중앙동,중앙동,경기도 의왕시 중앙동,60,121,,
KMA_4100010002,경기도,의왕시,신흥동,신흥동,경기도 의왕시 신흥동,61,121,,
KMA_4100010003,경기도,의왕시,문화동,문화동,경기도 의왕시 문화동,59,122,,
KMA_4100010004,경기도,의왕시,교동,교동,경기도 의왕시 교동,60,122,,
KMA_4100010005,경기도,의왕시,성내동,성내동,경기도 의왕시 성내동,61,122,,
KMA_4100010006,경기도,의왕시,송정동,송정동,경기도 의왕시 송정동,59,123,,
KMA_4100010007,경기도,의왕시,읍내동,읍내동,경기도 의왕시 읍내동,60,123,,
KMA_4100010008,경기도,의왕시,신사제1동,신사제1동,경기도 의왕시 신사제1동,61,123,,
KMA_4100010009,경기도,의왕시,신사제2동,신사제2동,경기도 의왕시 신사제2동,59,121,,
KMA_4100010010,경기도,의왕시,구미동,구미동,경기도 의왕시 구미동,60,121,,
KMA_4100010011,경기도,의왕시,정자동,정자동,경기도 의왕시 정자동,61,121,,
KMA_4100010012,경기도,의왕시,금곡동,금곡동,경기도 의왕시 금곡동,59,122,,
KMA_4100010013,경기도,의왕시,청운효자동,청운효자동,경기도 의왕시 청운효자동,60,122,,
KMA_4100010014,경기도,의왕시,사직동,사직동,경기도 의왕시 사직동,61,122,,
KMA_4100010015,경기도,의왕시,명동,명동,경기도 의왕시 명동,59,123,,
KMA_4100010016,경기도,의왕시,용산동,용산동,경기도 의왕시 용산동,60,123,,
KMA_4100010017,경기도,의왕시,화양동,화양동,경기도 의왕시 화양동,61,123,,
KMA_4100010018,경기도,의왕시,전농제1동,전농제1동,경기도 의왕시 전농제1동,59,121,,
KMA_4100010019,경기도,의왕시,면목본동,면목본동,경기도 의왕시 면목본동,60,121,,
KMA_4100010020,경기도,의왕시,상봉제1동,상봉제1동,경기도 의왕시 상봉제1동,61,121,,
KMA_4100010021,경기도,의왕시,녹번동,녹번동,경기도 의왕시 녹번동,59,122,,
KMA_4100010022,경기도,의왕시,불광제1동,불광제1동,경기도 의왕시 불광제1동,60,122,,
KMA_4100010023,경기도,의왕시,갈현제1동,갈현제1동,경기도 의왕시 갈현제1동,61,122,,
KMA_4100010024,경기도,의왕시,아현동,아현동,경기도 의왕시 아현동,59,123,,
KMA_4100010025,경기도,의왕시,공덕동,공덕동,경기도 의왕시 공덕동,60,123,,
KMA_4100010026,경기도,의왕시,목1동,목1동,경기도 의왕시 목1동,61,123,,
KMA_4100010027,경기도,의왕시,화곡제1동,화곡제1동,경기도 의왕시 화곡제1동,59,121,,
KMA_4100010028,경기도,의왕시,가산동,가산동,경기도 의왕시 가산동,60,121,,
KMA_4100010029,경기도,의왕시,여의동,여의동,경기도 의왕시 여의동,61,121,,
KMA_4100010030,경기도,의왕시,상도제1동,상도제1동,경기도 의왕시 상도제1동,59,122,,
KMA_4100010031,경기도,의왕시,서초1동,서초1동,경기도 의왕시 서초1동,60,122,,
KMA_4100010032,경기도,의왕시,신사동,신사동,경기도 의왕시 신사동,61,122,,
KMA_4100010033,경기도,의왕시,논현1동,논현1동,경기도 의왕시 논현1동,59,123,,
KMA_4100010034,경기도,의왕시,역삼1동,역삼1동,경기도 의왕시 역삼1동,60,123,,
KMA_4100010035,경기도,의왕시,풍납1동,풍납1동,경기도 의왕시 풍납1동,61,123,,
KMA_4100010036,경기도,의왕시,길동,길동,경기도 의왕시 길동,59,121,,
KMA_4100010037,경기도,의왕시,일산1동,일산1동,경기도 의왕시 일산1동,60,121,,
KMA_4100010038,경기도,의왕시,일산2동,일산2동,경기도 의왕시 일산2동,61,121,,
KMA_4100010039,경기도,의왕시,일산3동,일산3동,경기도 의왕시 일산3동,59,122,,
KMA_4100010040,경기도,의왕시,식사동,식사동,경기도 의왕시 식사동,60,122,,
KMA_4100010041,경기도,의왕시,조치원읍,조치원읍,경기도 의왕시 조치원읍,61,122,,
KMA_4100010042,경기도,의왕시,금남면,금남면,경기도 의왕시 금남면,59,123,,
KMA_4100010043,경기도,의왕시,한림읍,한림읍,경기도 의왕시 한림읍,60,123,,
KMA_4100010044,경기도,의왕시,애월읍,애월읍,경기도 의왕시 애월읍,61,123,,
KMA_4100010045,경기도,의왕시,대정읍,대정읍,경기도 의왕시 대정읍,59,121,,
KMA_4100010046,경기도,의왕시,성산읍,성산읍,경기도 의왕시 성산읍,60,121,,
KMA_4100010047,경기도,의왕시,남원읍,남원읍,경기도 의왕시 남원읍,61,121,,
KMA_4100010048,경기도,의왕시,표선면,표선면,경기도 의왕시 표선면,59,122,,
KMA_4100010100,경기도,하남시,,하남시,경기도 하남시,64,126,,
KMA_4100010200,경기도,용인시처인구,,용인시처인구,경기도 용인시처인구,64,119,,
KMA_4100010300,경기도,용인시기흥구,,용인시기흥구,경기도 용인시기흥구,62,120,,
KMA_4100010400,경기도,용인시수지구,,용인시수지구,경기도 용인시수지구,62,121,,
KMA_4100010500,경기도,파주시,,파주시,경기도 파주시,56,131,,
KMA_4100010600,경기도,이천시,,이천시,경기도 이천시,68,121,,
KMA_4100010700,경기도,안성시,,안성시,경기도 안성시,65,115,,
KMA_4100010800,경기도,김포시,,김포시,경기도 김포시,55,128,,
KMA_4100010900,경기도,화성시,,화성시,경기도 화성시,57,119,,
KMA_4100011000,경기도,광주시,,광주시,경기도 광주시,65,123,,
KMA_4100011100,경기도,양주시,,양주시,경기도 양주시,61,131,,
KMA_4100011200,경기도,포천시,,포천시,경기도 포천시,64,134,,
KMA_4100011300,경기도,여주시,,여주시,경기도 여주시,71,121,,
KMA_4100011400,경기도,연천군,,연천군,경기도 연천군,61,138,,
KMA_4100011500,경기도,가평군,,가평군,경기도 가평군,69,133,,
KMA_4100011600,경기도,양평군,,양평군,경기도 양평군,69,125,,
KMA_4200011700,강원특별자치도,춘천시,,춘천시,강원특별자치도 춘천시,73,134,,
KMA_4200010001,강원특별자치도,춘천시,중앙동,중앙동,강원특별자치도 춘천시 중앙동,73,133,,
KMA_4200010002,강원특별자치도,춘천시,신흥동,신흥동,강원특별자치도 춘천시 신흥동,74,133,,
KMA_4200010003,강원특별자치도,춘천시,문화동,문화동,강원특별자치도 춘천시 문화동,72,134,,
KMA_4200010004,강원특별자치도,춘천시,교동,교동,강원특별자치도 춘천시 교동,73,134,,
KMA_4200010005,강원특별자치도,춘천시,성내동,성내동,강원특별자치도 춘천시 성내동,74,134,,
KMA_4200010006,강원특별자치도,춘천시,송정동,송정동,강원특별자치도 춘천시 송정동,72,135,,
KMA_4200010007,강원특별자치도,춘천시,읍내동,읍내동,강원특별자치도 춘천시 읍내동,73,135,,
KMA_4200010008,강원특별자치도,춘천시,신사제1동,신사제1동,강원특별자치도 춘천시 신사제1동,74,135,,
KMA_4200010009,강원특별자치도,춘천시,신사제2동,신사제2동,강원특별자치도 춘천시 신사제2동,72,133,,
KMA_4200010010,강원특별자치도,춘천시,구미동,구미동,강원특별자치도 춘천시 구미동,73,133,,
KMA_4200010011,강원특별자치도,춘천시,정자동,정자동,강원특별자치도 춘천시 정자동,74,133,,
KMA_4200010012,강원특별자치도,춘천시,금곡동,금곡동,강원특별자치도 춘천시 금곡동,72,134,,
KMA_4200010013,강원특별자치도,춘천시,청운효자동,청운효자동,강원특별자치도 춘천시 청운효자동,73,134,,
KMA_4200010014,강원특별자치도,춘천시,사직동,사직동,강원특별자치도 춘천시 사직동,74,134,,
KMA_4200010015,강원특별자치도,춘천시,명동,명동,강원특별자치도 춘천시 명동,72,135,,
KMA_4200010016,강원특별자치도,춘천시,용산동,용산동,강원특별자치도 춘천시 용산동,73,135,,
KMA_4200010017,강원특별자치도,춘천시,화양동,화양동,강원특별자치도 춘천시 화양동,74,135,,
KMA_4200010018,강원특별자치도,춘천시,전농제1동,전농제1동,강원특별자치도 춘천시 전농제1동,72,133,,
KMA_4200010019,강원특별자치도,춘천시,면목본동,면목본동,강원특별자치도 춘천시 면목본동,73,133,,
KMA_4200010020,강원특별자치도,춘천시,상봉제1동,상봉제1동,강원특별자치도 춘천시 상봉제1동,74,133,,
KMA_4200010021,강원특별자치도,춘천시,녹번동,녹번동,강원특별자치도 춘천시 녹번동,72,134,,
KMA_4200010022,강원특별자치도,춘천시,불광제1동,불광제1동,강원특별자치도 춘천시 불광제1동,73,134,,
KMA_4200010023,강원특별자치도,춘천시,갈현제1동,갈현제1동,강원특별자치도 춘천시 갈현제1동,74,134,,
KMA_4200010024,강원특별자치도,춘천시,아현동,아현동,강원특별자치도 춘천시 아현동,72,135,,
KMA_4200010025,강원특별자치도,춘천시,공덕동,공덕동,강원특별자치도 춘천시 공덕동,73,135,,
KMA_4200010026,강원특별자치도,춘천시,목1동,목1동,강원특별자치도 춘천시 목1동,74,135,,
KMA_4200010027,강원특별자치도,춘천시,화곡제1동,화곡제1동,강원특별자치도 춘천시 화곡제1동,72,133,,
KMA_4200010028,강원특별자치도,춘천시,가산동,가산동,강원특별자치도 춘천시 가산동,73,133,,
KMA_4200010029,강원특별자치도,춘천시,여의동,여의동,강원특별자치도 춘천시 여의동,74,133,,
KMA_4200010030,강원특별자치도,춘천시,상도제1동,상도제1동,강원특별자치도 춘천시 상도제1동,72,134,,
KMA_4200010031,강원특별자치도,춘천시,서초1동,서초1동,강원특별자치도 춘천시 서초1동,73,134,,
KMA_4200010032,강원특별자치도,춘천시,신사동,신사동,강원특별자치도 춘천시 신사동,74,134,,
KMA_4200010033,강원특별자치도,춘천시,논현1동,논현1동,강원특별자치도 춘천시 논현1동,72,135,,
KMA_4200010034,강원특별자치도,춘천시,역삼1동,역삼1동,강원특별자치도 춘천시 역삼1동,73,135,,
KMA_4200010035,강원특별자치도,춘천시,풍납1동,풍납1동,강원특별자치도 춘천시 풍납1동,74,135,,
KMA_4200010036,강원특별자치도,춘천시,길동,길동,강원특별자치도 춘천시 길동,72,133,,
KMA_4200010037,강원특별자치도,춘천시,일산1동,일산1동,강원특별자치도 춘천시 일산1동,73,133,,
KMA_4200010038,강원특별자치도,춘천시,일산2동,일산2동,강원특별자치도 춘천시 일산2동,74,133,,
KMA_4200010039,강원특별자치도,춘천시,일산3동,일산3동,강원특별자치도 춘천시 일산3동,72,134,,
KMA_4200010040,강원특별자치도,춘천시,식사동,식사동,강원특별자치도 춘천시 식사동,73,134,,
KMA_4200010041,강원특별자치도,춘천시,조치원읍,조치원읍,강원특별자치도 춘천시 조치원읍,74,134,,
KMA_4200010042,강원특별자치도,춘천시,금남면,금남면,강원특별자치도 춘천시 금남면,72,135,,
KMA_4200010043,강원특별자치도,춘천시,한림읍,한림읍,강원특별자치도 춘천시 한림읍,73,135,,
KMA_4200010044,강원특별자치도,춘천시,애월읍,애월읍,강원특별자치도 춘천시 애월읍,74,135,,
KMA_4200010045,강원특별자치도,춘천시,대정읍,대정읍,강원특별자치도 춘천시 대정읍,72,133,,
KMA_4200010046,강원특별자치도,춘천시,성산읍,성산읍,강원특별자치도 춘천시 성산읍,73,133,,
KMA_4200010047,강원특별자치도,춘천시,남원읍,남원읍,강원특별자치도 춘천시 남원읍,74,133,,
KMA_4200010048,강원특별자치도,춘천시,표선면,표선면,강원특별자치도 춘천시 표선면,72,134,,
KMA_4200011800,강원특별자치도,원주시,,원주시,강원특별자치도 원주시,76,122,,
KMA_4200011900,강원특별자치도,강릉시,,강릉시,강원특별자치도 강릉시,92,131,,
KMA_4200012000,강원특별자치도,동해시,,동해시,강원특별자치도 동해시,97,127,,
KMA_4200012100,강원특별자치도,태백시,,태백시,강원특별자치도 태백시,95,119,,
KMA_4200012200,강원특별자치도,속초시,,속초시,강원특별자치도 속초시,87,141,,
KMA_4200012300,강원특별자치도,삼척시,,삼척시,강원특별자치도 삼척시,98,125,,
KMA_4200012400,강원특별자치도,홍천군,,홍천군,강원특별자치도 홍천군,75,130,,
KMA_4200012500,강원특별자치도,횡성군,,횡성군,강원특별자치도 횡성군,77,125,,
KMA_4200012600,강원특별자치도,영월군,,영월군,강원특별자치도 영월군,86,119,,
KMA_4200012700,강원특별자치도,평창군,,평창군,강원특별자치도 평창군,84,123,,
KMA_4200012800,강원특별자치도,정선군,,정선군,강원특별자치도 정선군,89,123,,
KMA_4200012900,강원특별자치도,철원군,,철원군,강원특별자치도 철원군,65,139,,
KMA_4200013000,강원특별자치도,화천군,,화천군,강원특별자치도 화천군,72,139,,
KMA_4200013100,강원특별자치도,양구군,,양구군,강원특별자치도 양구군,77,139,,
KMA_4200013200,강원특별자치도,인제군,,인제군,강원특별자치도 인제군,80,138,,
KMA_4200013300,강원특별자치도,고성군,,고성군,강원특별자치도 고성군,85,145,,
KMA_4200013400,강원특별자치도,양양군,,양양군,강원특별자치도 양양군,88,138,,
KMA_4300013500,충청북도,청주시상당구,,청주시상당구,충청북도 청주시상당구,69,106,,
KMA_4300010001,충청북도,청주시상당구,중앙동,중앙동,충청북도 청주시상당구 중앙동,69,105,,
KMA_4300010002,충청북도,청주시상당구,신흥동,신흥동,충청북도 청주시상당구 신흥동,70,105,,
KMA_4300010003,충청북도,청주시상당구,문화동,문화동,충청북도 청주시상당구 문화동,68,106,,
KMA_4300010004,충청북도,청주시상당구,교동,교동,충청북도 청주시상당구 교동,69,106,,
KMA_4300010005,충청북도,청주시상당구,성내동,성내동,충청북도 청주시상당구 성내동,70,106,,
KMA_4300010006,충청북도,청주시상당구,송정동,송정동,충청북도 청주시상당구 송정동,68,107,,
KMA_4300010007,충청북도,청주시상당구,읍내동,읍내동,충청북도 청주시상당구 읍내동,69,107,,
KMA_4300010008,충청북도,청주시상당구,신사제1동,신사제1동,충청북도 청주시상당구 신사제1동,70,107,,
KMA_4300010009,충청북도,청주시상당구,신사제2동,신사제2동,충청북도 청주시상당구 신사제2동,68,105,,
KMA_4300010010,충청북도,청주시상당구,구미동,구미동,충청북도 청주시상당구 구미동,69,105,,
KMA_4300010011,충청북도,청주시상당구,정자동,정자동,충청북도 청주시상당구 정자동,70,105,,
KMA_4300010012,충청북도,청주시상당구,금곡동,금곡동,충청북도 청주시상당구 금곡동,68,106,,
KMA_4300010013,충청북도,청주시상당구,청운효자동,청운효자동,충청북도 청주시상당구 청운효자동,69,106,,
KMA_4300010014,충청북도,청주시상당구,사직동,사직동,충청북도 청주시상당구 사직동,70,106,,
KMA_4300010015,충청북도,청주시상당구,명동,명동,충청북도 청주시상당구 명동,68,107,,
KMA_4300010016,충청북도,청주시상당구,용산동,용산동,충청북도 청주시상당구 용산동,69,107,,
KMA_4300010017,충청북도,청주시상당구,화양동,화양동,충청북도 청주시상당구 화양동,70,107,,
KMA_4300010018,충청북도,청주시상당구,전농제1동,전농제1동,충청북도 청주시상당구 전농제1동,68,105,,
KMA_4300010019,충청북도,청주시상당구,면목본동,면목본동,충청북도 청주시상당구 면목본동,69,105,,
KMA_4300010020,충청북도,청주시상당구,상봉제1동,상봉제1동,충청북도 청주시상당구 상봉제1동,70,105,,
KMA_4300010021,충청북도,청주시상당구,녹번동,녹번동,충청북도 청주시상당구 녹번동,68,106,,
KMA_4300010022,충청북도,청주시상당구,불광제1동,불광제1동,충청북도 청주시상당구 불광제1동,69,106,,
KMA_4300010023,충청북도,청주시상당구,갈현제1동,갈현제1동,충청북도 청주시상당구 갈현제1동,70,106,,
KMA_4300010024,충청북도,청주시상당구,아현동,아현동,충청북도 청주시상당구 아현동,68,107,,
KMA_4300010025,충청북도,청주시상당구,공덕동,공덕동,충청북도 청주시상당구 공덕동,69,107,,
KMA_4300010026,충청북도,청주시상당구,목1동,목1동,충청북도 청주시상당구 목1동,70,107,,
KMA_4300010027,충청북도,청주시상당구,화곡제1동,화곡제1동,충청북도 청주시상당구 화곡제1동,68,105,,
KMA_4300010028,충청북도,청주시상당구,가산동,가산동,충청북도 청주시상당구 가산동,69,105,,
KMA_4300010029,충청북도,청주시상당구,여의동,여의동,충청북도 청주시상당구 여의동,70,105,,
KMA_4300010030,충청북도,청주시상당구,상도제1동,상도제1동,충청북도 청주시상당구 상도제1동,68,106,,
KMA_4300010031,충청북도,청주시상당구,서초1동,서초1동,충청북도 청주시상당구 서초1동,69,106,,
KMA_4300010032,충청북도,청주시상당구,신사동,신사동,충청북도 청주시상당구 신사동,70,106,,
KMA_4300010033,충청북도,청주시상당구,논현1동,논현1동,충청북도 청주시상당구 논현1동,68,107,,
KMA_4300010034,충청북도,청주시상당구,역삼1동,역삼1동,충청북도 청주시상당구 역삼1동,69,107,,
KMA_4300010035,충청북도,청주시상당구,풍납1동,풍납1동,충청북도 청주시상당구 풍납1동,70,107,,
KMA_4300010036,충청북도,청주시상당구,길동,길동,충청북도 청주시상당구 길동,68,105,,
KMA_4300010037,충청북도,청주시상당구,일산1동,일산1동,충청북도 청주시상당구 일산1동,69,105,,
KMA_4300010038,충청북도,청주시상당구,일산2동,일산2동,충청북도 청주시상당구 일산2동,70,105,,
KMA_4300010039,충청북도,청주시상당구,일산3동,일산3동,충청북도 청주시상당구 일산3동,68,106,,
KMA_4300010040,충청북도,청주시상당구,식사동,식사동,충청북도 청주시상당구 식사동,69,106,,
KMA_4300010041,충청북도,청주시상당구,조치원읍,조치원읍,충청북도 청주시상당구 조치원읍,70,106,,
KMA_4300010042,충청북도,청주시상당구,금남면,금남면,충청북도 청주시상당구 금남면,68,107,,
KMA_4300010043,충청북도,청주시상당구,한림읍,한림읍,충청북도 청주시상당구 한림읍,69,107,,
KMA_4300010044,충청북도,청주시상당구,애월읍,애월읍,충청북도 청주시상당구 애월읍,70,107,,
KMA_4300010045,충청북도,청주시상당구,대정읍,대정읍,충청북도 청주시상당구 대정읍,68,105,,
KMA_4300010046,충청북도,청주시상당구,성산읍,성산읍,충청북도 청주시상당구 성산읍,69,105,,
KMA_4300010047,충청북도,청주시상당구,남원읍,남원읍,충청북도 청주시상당구 남원읍,70,105,,
KMA_4300010048,충청북도,청주시상당구,표선면,표선면,충청북도 청주시상당구 표선면,68,106,,
KMA_4300013600,충청북도,청주시서원구,,청주시서원구,충청북도 청주시서원구,69,107,,
KMA_4300013700,충청북도,청주시흥덕구,,청주시흥덕구,충청북도 청주시흥덕구,67,106,,
KMA_4300013800,충청북도,청주시청원구,,청주시청원구,충청북도 청주시청원구,69,107,,
KMA_4300013900,충청북도,충주시,,충주시,충청북도 충주시,76,114,,
KMA_4300014000,충청북도,제천시,,제천시,충청북도 제천시,81,118,,
KMA_4300014100,충청북도,보은군,,보은군,충청북도 보은군,73,103,,
KMA_4300014200,충청북도,옥천군,,옥천군,충청북도 옥천군,71,99,,
KMA_4300014300,충청북도,영동군,,영동군,충청북도 영동군,74,97,,
KMA_4300014400,충청북도,진천군,,진천군,충청북도 진천군,68,111,,
KMA_4300014500,충청북도,괴산군,,괴산군,충청북도 괴산군,74,111,,
KMA_4300014600,충청북도,음성군,,음성군,충청북도 음성군,72,113,,
KMA_4300014700,충청북도,단양군,,단양군,충청북도 단양군,84,115,,
KMA_4300014800,충청북도,증평군,,증평군,충청북도 증평군,71,110,,
KMA_4400014900,충청남도,천안시동남구,,천안시동남구,충청남도 천안시동남구,63,110,,
KMA_4400010001,충청남도,천안시동남구,중앙동,중앙동,충청남도 천안시동남구 중앙동,63,109,,
KMA_4400010002,충청남도,천안시동남구,신흥동,신흥동,충청남도 천안시동남구 신흥동,64,109,,
KMA_4400010003,충청남도,천안시동남구,문화동,문화동,충청남도 천안시동남구 문화동,62,110,,
KMA_4400010004,충청남도,천안시동남구,교동,교동,충청남도 천안시동남구 교동,63,110,,
KMA_4400010005,충청남도,천안시동남구,성내동,성내동,충청남도 천안시동남구 성내동,64,110,,
KMA_4400010006,충청남도,천안시동남구,송정동,송정동,충청남도 천안시동남구 송정동,62,111,,
KMA_4400010007,충청남도,천안시동남구,읍내동,읍내동,충청남도 천안시동남구 읍내동,63,111,,
KMA_4400010008,충청남도,천안시동남구,신사제1동,신사제1동,충청남도 천안시동남구 신사제1동,64,111,,
KMA_4400010009,충청남도,천안시동남구,신사제2동,신사제2동,충청남도 천안시동남구 신사제2동,62,109,,
KMA_4400010010,충청남도,천안시동남구,구미동,구미동,충청남도 천안시동남구 구미동,63,109,,
KMA_4400010011,충청남도,천안시동남구,정자동,정자동,충청남도 천안시동남구 정자동,64,109,,
KMA_4400010012,충청남도,천안시동남구,금곡동,금곡동,충청남도 천안시동남구 금곡동,62,110,,
KMA_4400010013,충청남도,천안시동남구,청운효자동,청운효자동,충청남도 천안시동남구 청운효자동,63,110,,
KMA_4400010014,충청남도,천안시동남구,사직동,사직동,충청남도 천안시동남구 사직동,64,110,,
KMA_4400010015,충청남도,천안시동남구,명동,명동,충청남도 천안시동남구 명동,62,111,,
KMA_4400010016,충청남도,천안시동남구,용산동,용산동,충청남도 천안시동남구 용산동,63,111,,
KMA_4400010017,충청남도,천안시동남구,화양동,화양동,충청남도 천안시동남구 화양동,64,111,,
KMA_4400010018,충청남도,천안시동남구,전농제1동,전농제1동,충청남도 천안시동남구 전농제1동,62,109,,
KMA_4400010019,충청남도,천안시동남구,면목본동,면목본동,충청남도 천안시동남구 면목본동,63,109,,
KMA_4400010020,충청남도,천안시동남구,상봉제1동,상봉제1동,충청남도 천안시동남구 상봉제1동,64,109,,
KMA_4400010021,충청남도,천안시동남구,녹번동,녹번동,충청남도 천안시동남구 녹번동,62,110,,
KMA_4400010022,충청남도,천안시동남구,불광제1동,불광제1동,충청남도 천안시동남구 불광제1동,63,110,,
KMA_4400010023,충청남도,천안시동남구,갈현제1동,갈현제1동,충청남도 천안시동남구 갈현제1동,64,110,,
KMA_4400010024,충청남도,천안시동남구,아현동,아현동,충청남도 천안시동남구 아현동,62,111,,
KMA_4400010025,충청남도,천안시동남구,공덕동,공덕동,충청남도 천안시동남구 공덕동,63,111,,
KMA_4400010026,충청남도,천안시동남구,목1동,목1동,충청남도 천안시동남구 목1동,64,111,,
KMA_4400010027,충청남도,천안시동남구,화곡제1동,화곡제1동,충청남도 천안시동남구 화곡제1동,62,109,,
KMA_4400010028,충청남도,천안시동남구,가산동,가산동,충청남도 천안시동남구 가산동,63,109,,
KMA_4400010029,충청남도,천안시동남구,여의동,여의동,충청남도 천안시동남구 여의동,64,109,,
KMA_4400010030,충청남도,천안시동남구,상도제1동,상도제1동,충청남도 천안시동남구 상도제1동,62,110,,
KMA_4400010031,충청남도,천안시동남구,서초1동,서초1동,충청남도 천안시동남구 서초1동,63,110,,
KMA_4400010032,충청남도,천안시동남구,신사동,신사동,충청남도 천안시동남구 신사동,64,110,,
KMA_4400010033,충청남도,천안시동남구,논현1동,논현1동,충청남도 천안시동남구 논현1동,62,111,,
KMA_4400010034,충청남도,천안시동남구,역삼1동,역삼1동,충청남도 천안시동남구 역삼1동,63,111,,
KMA_4400010035,충청남도,천안시동남구,풍납1동,풍납1동,충청남도 천안시동남구 풍납1동,64,111,,
KMA_4400010036,충청남도,천안시동남구,길동,길동,충청남도 천안시동남구 길동,62,109,,
KMA_4400010037,충청남도,천안시동남구,일산1동,일산1동,충청남도 천안시동남구 일산1동,63,109,,
KMA_4400010038,충청남도,천안시동남구,일산2동,일산2동,충청남도 천안시동남구 일산2동,64,109,,
KMA_4400010039,충청남도,천안시동남구,일산3동,일산3동,충청남도 천안시동남구 일산3동,62,110,,
KMA_4400010040,충청남도,천안시동남구,식사동,식사동,충청남도 천안시동남구 식사동,63,110,,
KMA_4400010041,충청남도,천안시동남구,조치원읍,조치원읍,충청남도 천안시동남구 조치원읍,64,110,,
KMA_4400010042,충청남도,천안시동남구,금남면,금남면,충청남도 천안시동남구 금남면,62,111,,
KMA_4400010043,충청남도,천안시동남구,한림읍,한림읍,충청남도 천안시동남구 한림읍,63,111,,
KMA_4400010044,충청남도,천안시동남구,애월읍,애월읍,충청남도 천안시동남구 애월읍,64,111,,
KMA_4400010045,충청남도,천안시동남구,대정읍,대정읍,충청남도 천안시동남구 대정읍,62,109,,
KMA_4400010046,충청남도,천안시동남구,성산읍,성산읍,충청남도 천안시동남구 성산읍,63,109,,
KMA_4400010047,충청남도,천안시동남구,남원읍,남원읍,충청남도 천안시동남구 남원읍,64,109,,
KMA_4400010048,충청남도,천안시동남구,표선면,표선면,충청남도 천안시동남구 표선면,62,110,,
KMA_4400015000,충청남도,천안시서북구,,천안시서북구,충청남도 천안시서북구,63,112,,
KMA_4400015100,충청남도,공주시,,공주시,충청남도 공주시,63,102,,
KMA_4400015200,충청남도,보령시,,보령시,충청남도 보령시,54,100,,
KMA_4400015300,충청남도,아산시,,아산시,충청남도 아산시,60,110,,
KMA_4400015400,충청남도,서산시,,서산시,충청남도 서산시,51,110,,
KMA_4400015500,충청남도,논산시,,논산시,충청남도 논산시,62,97,,
KMA_4400015600,충청남도,계룡시,,계룡시,충청남도 계룡시,65,99,,
KMA_4400015700,충청남도,당진시,,당진시,충청남도 당진시,54,112,,
KMA_4400015800,충청남도,금산군,,금산군,충청남도 금산군,69,95,,
KMA_4400015900,충청남도,부여군,,부여군,충청남도 부여군,59,99,,
KMA_4400016000,충청남도,서천군,,서천군,충청남도 서천군,55,94,,
KMA_4400016100,충청남도,청양군,,청양군,충청남도 청양군,57,103,,
KMA_4400016200,충청남도,홍성군,,홍성군,충청남도 홍성군,55,106,,
KMA_4400016300,충청남도,예산군,,예산군,충청남도 예산군,58,107,,
KMA_4400016400,충청남도,태안군,,태안군,충청남도 태안군,48,109,,
KMA_4500016500,전북특별자치도,전주시완산구,,전주시완산구,전북특별자치도 전주시완산구,63,89,,
KMA_4500010001,전북특별자치도,전주시완산구,중앙동,중앙동,전북특별자치도 전주시완산구 중앙동,63,88,,
KMA_4500010002,전북특별자치도,전주시완산구,신흥동,신흥동,전북특별자치도 전주시완산구 신흥동,64,88,,
KMA_4500010003,전북특별자치도,전주시완산구,문화동,문화동,전북특별자치도 전주시완산구 문화동,62,89,,
KMA_4500010004,전북특별자치도,전주시완산구,교동,교동,전북특별자치도 전주시완산구 교동,63,89,,
KMA_4500010005,전북특별자치도,전주시완산구,성내동,성내동,전북특별자치도 전주시완산구 성내동,64,89,,
KMA_4500010006,전북특별자치도,전주시완산구,송정동,송정동,전북특별자치도 전주시완산구 송정동,62,90,,
KMA_4500010007,전북특별자치도,전주시완산구,읍내동,읍내동,전북특별자치도 전주시완산구 읍내동,63,90,,
KMA_4500010008,전북특별자치도,전주시완산구,신사제1동,신사제1동,전북특별자치도 전주시완산구 신사제1동,64,90,,
KMA_4500010009,전북특별자치도,전주시완산구,신사제2동,신사제2동,전북특별자치도 전주시완산구 신사제2동,62,88,,
KMA_4500010010,전북특별자치도,전주시완산구,구미동,구미동,전북특별자치도 전주시완산구 구미동,63,88,,
KMA_4500010011,전북특별자치도,전주시완산구,정자동,정자동,전북특별자치도 전주시완산구 정자동,64,88,,
KMA_4500010012,전북특별자치도,전주시완산구,금곡동,금곡동,전북특별자치도 전주시완산구 금곡동,62,89,,
KMA_4500010013,전북특별자치도,전주시완산구,청운효자동,청운효자동,전북특별자치도 전주시완산구 청운효자동,63,89,,
KMA_4500010014,전북특별자치도,전주시완산구,사직동,사직동,전북특별자치도 전주시완산구 사직동,64,89,,
KMA_4500010015,전북특별자치도,전주시완산구,명동,명동,전북특별자치도 전주시완산구 명동,62,90,,
KMA_4500010016,전북특별자치도,전주시완산구,용산동,용산동,전북특별자치도 전주시완산구 용산동,63,90,,
KMA_4500010017,전북특별자치도,전주시완산구,화양동,화양동,전북특별자치도 전주시완산구 화양동,64,90,,
KMA_4500010018,전북특별자치도,전주시완산구,전농제1동,전농제1동,전북특별자치도 전주시완산구 전농제1동,62,88,,
KMA_4500010019,전북특별자치도,전주시완산구,면목본동,면목본동,전북특별자치도 전주시완산구 면목본동,63,88,,
KMA_4500010020,전북특별자치도,전주시완산구,상봉제1동,상봉제1동,전북특별자치도 전주시완산구 상봉제1동,64,88,,
KMA_4500010021,전북특별자치도,전주시완산구,녹번동,녹번동,전북특별자치도 전주시완산구 녹번동,62,89,,
KMA_4500010022,전북특별자치도,전주시완산구,불광제1동,불광제1동,전북특별자치도 전주시완산구 불광제1동,63,89,,
KMA_4500010023,전북특별자치도,전주시완산구,갈현제1동,갈현제1동,전북특별자치도 전주시완산구 갈현제1동,64,89,,
KMA_4500010024,전북특별자치도,전주시완산구,아현동,아현동,전북특별자치도 전주시완산구 아현동,62,90,,
KMA_4500010025,전북특별자치도,전주시완산구,공덕동,공덕동,전북특별자치도 전주시완산구 공덕동,63,90,,
KMA_4500010026,전북특별자치도,전주시완산구,목1동,목1동,전북특별자치도 전주시완산구 목1동,64,90,,
KMA_4500010027,전북특별자치도,전주시완산구,화곡제1동,화곡제1동,전북특별자치도 전주시완산구 화곡제1동,62,88,,
KMA_4500010028,전북특별자치도,전주시완산구,가산동,가산동,전북특별자치도 전주시완산구 가산동,63,88,,
KMA_4500010029,전북특별자치도,전주시완산구,여의동,여의동,전북특별자치도 전주시완산구 여의동,64,88,,
KMA_4500010030,전북특별자치도,전주시완산구,상도제1동,상도제1동,전북특별자치도 전주시완산구 상도제1동,62,89,,
KMA_4500010031,전북특별자치도,전주시완산구,서초1동,서초1동,전북특별자치도 전주시완산구 서초1동,63,89,,
KMA_4500010032,전북특별자치도,전주시완산구,신사동,신사동,전북특별자치도 전주시완산구 신사동,64,89,,
KMA_4500010033,전북특별자치도,전주시완산구,논현1동,논현1동,전북특별자치도 전주시완산구 논현1동,62,90,,
KMA_4500010034,전북특별자치도,전주시완산구,역삼1동,역삼1동,전북특별자치도 전주시완산구 역삼1동,63,90,,
KMA_4500010035,전북특별자치도,전주시완산구,풍납1동,풍납1동,전북특별자치도 전주시완산구 풍납1동,64,90,,
KMA_4500010036,전북특별자치도,전주시완산구,길동,길동,전북특별자치도 전주시완산구 길동,62,88,,
KMA_4500010037,전북특별자치도,전주시완산구,일산1동,일산1동,전북특별자치도 전주시완산구 일산1동,63,88,,
KMA_4500010038,전북특별자치도,전주시완산구,일산2동,일산2동,전북특별자치도 전주시완산구 일산2동,64,88,,
KMA_4500010039,전북특별자치도,전주시완산구,일산3동,일산3동,전북특별자치도 전주시완산구 일산3동,62,89,,
KMA_4500010040,전북특별자치도,전주시완산구,식사동,식사동,전북특별자치도 전주시완산구 식사동,63,89,,
KMA_4500010041,전북특별자치도,전주시완산구,조치원읍,조치원읍,전북특별자치도 전주시완산구 조치원읍,64,89,,
KMA_4500010042,전북특별자치도,전주시완산구,금남면,금남면,전북특별자치도 전주시완산구 금남면,62,90,,
KMA_4500010043,전북특별자치도,전주시완산구,한림읍,한림읍,전북특별자치도 전주시완산구 한림읍,63,90,,
KMA_4500010044,전북특별자치도,전주시완산구,애월읍,애월읍,전북특별자치도 전주시완산구 애월읍,64,90,,
KMA_4500010045,전북특별자치도,전주시완산구,대정읍,대정읍,전북특별자치도 전주시완산구 대정읍,62,88,,
KMA_4500010046,전북특별자치도,전주시완산구,성산읍,성산읍,전북특별자치도 전주시완산구 성산읍,63,88,,
KMA_4500010047,전북특별자치도,전주시완산구,남원읍,남원읍,전북특별자치도 전주시완산구 남원읍,64,88,,
KMA_4500010048,전북특별자치도,전주시완산구,표선면,표선면,전북특별자치도 전주시완산구 표선면,62,89,,
KMA_4500016600,전북특별자치도,전주시덕진구,,전주시덕진구,전북특별자치도 전주시덕진구,63,89,,
KMA_4500016700,전북특별자치도,군산시,,군산시,전북특별자치도 군산시,56,92,,
KMA_4500016800,전북특별자치도,익산시,,익산시,전북특별자치도 익산시,60,91,,
KMA_4500016900,전북특별자치도,정읍시,,정읍시,전북특별자치도 정읍시,58,83,,
KMA_4500017000,전북특별자치도,남원시,,남원시,전북특별자치도 남원시,68,80,,
KMA_4500017100,전북특별자치도,김제시,,김제시,전북특별자치도 김제시,59,88,,
KMA_4500017200,전북특별자치도,완주군,,완주군,전북특별자치도 완주군,63,89,,
KMA_4500017300,전북특별자치도,진안군,,진안군,전북특별자치도 진안군,68,88,,
KMA_4500017400,전북특별자치도,무주군,,무주군,전북특별자치도 무주군,72,93,,
KMA_4500017500,전북특별자치도,장수군,,장수군,전북특별자치도 장수군,70,85,,
KMA_4500017600,전북특별자치도,임실군,,임실군,전북특별자치도 임실군,66,84,,
KMA_4500017700,전북특별자치도,순창군,,순창군,전북특별자치도 순창군,63,79,,
KMA_4500017800,전북특별자치도,고창군,,고창군,전북특별자치도 고창군,56,80,,
KMA_4500017900,전북특별자치도,부안군,,부안군,전북특별자치도 부안군,56,87,,
KMA_4600018000,전라남도,목포시,,목포시,전라남도 목포시,50,67,,
KMA_4600010001,전라남도,목포시,중앙동,중앙동,전라남도 목포시 중앙동,50,66,,
KMA_4600010002,전라남도,목포시,신흥동,신흥동,전라남도 목포시 신흥동,51,66,,
KMA_4600010003,전라남도,목포시,문화동,문화동,전라남도 목포시 문화동,49,67,,
KMA_4600010004,전라남도,목포시,교동,교동,전라남도 목포시 교동,50,67,,
KMA_4600010005,전라남도,목포시,성내동,성내동,전라남도 목포시 성내동,51,67,,
KMA_4600010006,전라남도,목포시,송정동,송정동,전라남도 목포시 송정동,49,68,,
KMA_4600010007,전라남도,목포시,읍내동,읍내동,전라남도 목포시 읍내동,50,68,,
KMA_4600010008,전라남도,목포시,신사제1동,신사제1동,전라남도 목포시 신사제1동,51,68,,
KMA_4600010009,전라남도,목포시,신사제2동,신사제2동,전라남도 목포시 신사제2동,49,66,,
KMA_4600010010,전라남도,목포시,구미동,구미동,전라남도 목포시 구미동,50,66,,
KMA_4600010011,전라남도,목포시,정자동,정자동,전라남도 목포시 정자동,51,66,,
KMA_4600010012,전라남도,목포시,금곡동,금곡동,전라남도 목포시 금곡동,49,67,,
KMA_4600010013,전라남도,목포시,청운효자동,청운효자동,전라남도 목포시 청운효자동,50,67,,
KMA_4600010014,전라남도,목포시,사직동,사직동,전라남도 목포시 사직동,51,67,,
KMA_4600010015,전라남도,목포시,명동,명동,전라남도 목포시 명동,49,68,,
KMA_4600010016,전라남도,목포시,용산동,용산동,전라남도 목포시 용산동,50,68,,
KMA_4600010017,전라남도,목포시,화양동,화양동,전라남도 목포시 화양동,51,68,,
KMA_4600010018,전라남도,목포시,전농제1동,전농제1동,전라남도 목포시 전농제1동,49,66,,
KMA_4600010019,전라남도,목포시,면목본동,면목본동,전라남도 목포시 면목본동,50,66,,
KMA_4600010020,전라남도,목포시,상봉제1동,상봉제1동,전라남도 목포시 상봉제1동,51,66,,
KMA_4600010021,전라남도,목포시,녹번동,녹번동,전라남도 목포시 녹번동,49,67,,
KMA_4600010022,전라남도,목포시,불광제1동,불광제1동,전라남도 목포시 불광제1동,50,67,,
KMA_4600010023,전라남도,목포시,갈현제1동,갈현제1동,전라남도 목포시 갈현제1동,51,67,,
KMA_4600010024,전라남도,목포시,아현동,아현동,전라남도 목포시 아현동,49,68,,
KMA_4600010025,전라남도,목포시,공덕동,공덕동,전라남도 목포시 공덕동,50,68,,
KMA_4600010026,전라남도,목포시,목1동,목1동,전라남도 목포시 목1동,51,68,,
KMA_4600010027,전라남도,목포시,화곡제1동,화곡제1동,전라남도 목포시 화곡제1동,49,66,,
KMA_4600010028,전라남도,목포시,가산동,가산동,전라남도 목포시 가산동,50,66,,
KMA_4600010029,전라남도,목포시,여의동,여의동,전라남도 목포시 여의동,51,66,,
KMA_4600010030,전라남도,목포시,상도제1동,상도제1동,전라남도 목포시 상도제1동,49,67,,
KMA_4600010031,전라남도,목포시,서초1동,서초1동,전라남도 목포시 서초1동,50,67,,
KMA_4600010032,전라남도,목포시,신사동,신사동,전라남도 목포시 신사동,51,67,,
KMA_4600010033,전라남도,목포시,논현1동,논현1동,전라남도 목포시 논현1동,49,68,,
KMA_4600010034,전라남도,목포시,역삼1동,역삼1동,전라남도 목포시 역삼1동,50,68,,
KMA_4600010035,전라남도,목포시,풍납1동,풍납1동,전라남도 목포시 풍납1동,51,68,,
KMA_4600010036,전라남도,목포시,길동,길동,전라남도 목포시 길동,49,66,,
KMA_4600010037,전라남도,목포시,일산1동,일산1동,전라남도 목포시 일산1동,50,66,,
KMA_4600010038,전라남도,목포시,일산2동,일산2동,전라남도 목포시 일산2동,51,66,,
KMA_4600010039,전라남도,목포시,일산3동,일산3동,전라남도 목포시 일산3동,49,67,,
KMA_4600010040,전라남도,목포시,식사동,식사동,전라남도 목포시 식사동,50,67,,
KMA_4600010041,전라남도,목포시,조치원읍,조치원읍,전라남도 목포시 조치원읍,51,67,,
KMA_4600010042,전라남도,목포시,금남면,금남면,전라남도 목포시 금남면,49,68,,
KMA_4600010043,전라남도,목포시,한림읍,한림읍,전라남도 목포시 한림읍,50,68,,
KMA_4600010044,전라남도,목포시,애월읍,애월읍,전라남도 목포시 애월읍,51,68,,
KMA_4600010045,전라남도,목포시,대정읍,대정읍,전라남도 목포시 대정읍,49,66,,
KMA_4600010046,전라남도,목포시,성산읍,성산읍,전라남도 목포시 성산읍,50,66,,
KMA_4600010047,전라남도,목포시,남원읍,남원읍,전라남도 목포시 남원읍,51,66,,
KMA_4600010048,전라남도,목포시,표선면,표선면,전라남도 목포시 표선면,49,67,,
KMA_4600018100,전라남도,여수시,,여수시,전라남도 여수시,73,66,,
KMA_4600018200,전라남도,순천시,,순천시,전라남도 순천시,70,70,,
KMA_4600018300,전라남도,나주시,,나주시,전라남도 나주시,56,71,,
KMA_4600018400,전라남도,광양시,,광양시,전라남도 광양시,73,70,,
KMA_4600018500,전라남도,담양군,,담양군,전라남도 담양군,61,78,,
KMA_4600018600,전라남도,곡성군,,곡성군,전라남도 곡성군,66,77,,
KMA_4600018700,전라남도,구례군,,구례군,전라남도 구례군,69,75,,
KMA_4600018800,전라남도,고흥군,,고흥군,전라남도 고흥군,66,62,,
KMA_4600018900,전라남도,보성군,,보성군,전라남도 보성군,62,66,,
KMA_4600019000,전라남도,화순군,,화순군,전라남도 화순군,61,72,,
KMA_4600019100,전라남도,장흥군,,장흥군,전라남도 장흥군,59,64,,
KMA_4600019200,전라남도,강진군,,강진군,전라남도 강진군,57,63,,
KMA_4600019300,전라남도,해남군,,해남군,전라남도 해남군,54,61,,
KMA_4600019400,전라남도,영암군,,영암군,전라남도 영암군,56,66,,
KMA_4600019500,전라남도,무안군,,무안군,전라남도 무안군,52,71,,
KMA_4600019600,전라남도,함평군,,함평군,전라남도 함평군,52,72,,
KMA_4600019700,전라남도,영광군,,영광군,전라남도 영광군,52,77,,
KMA_4600019800,전라남도,장성군,,장성군,전라남도 장성군,57,77,,
KMA_4600019900,전라남도,완도군,,완도군,전라남도 완도군,57,56,,
KMA_4600020000,전라남도,진도군,,진도군,전라남도 진도군,48,59,,
KMA_4600020001,전라남도,진도군,중앙동,중앙동,전라남도 진도군 중앙동,48,58,,
KMA_4600020002,전라남도,진도군,신흥동,신흥동,전라남도 진도군 신흥동,49,58,,
KMA_4600020003,전라남도,진도군,문화동,문화동,전라남도 진도군 문화동,47,59,,
KMA_4600020004,전라남도,진도군,교동,교동,전라남도 진도군 교동,48,59,,
KMA_4600020005,전라남도,진도군,성내동,성내동,전라남도 진도군 성내동,49,59,,
KMA_4600020006,전라남도,진도군,송정동,송정동,전라남도 진도군 송정동,47,60,,
KMA_4600020007,전라남도,진도군,읍내동,읍내동,전라남도 진도군 읍내동,48,60,,
KMA_4600020008,전라남도,진도군,신사제1동,신사제1동,전라남도 진도군 신사제1동,49,60,,
KMA_4600020009,전라남도,진도군,신사제2동,신사제2동,전라남도 진도군 신사제2동,47,58,,
KMA_4600020010,전라남도,진도군,구미동,구미동,전라남도 진도군 구미동,48,58,,
KMA_4600020011,전라남도,진도군,정자동,정자동,전라남도 진도군 정자동,49,58,,
KMA_4600020012,전라남도,진도군,금곡동,금곡동,전라남도 진도군 금곡동,47,59,,
KMA_4600020013,전라남도,진도군,청운효자동,청운효자동,전라남도 진도군 청운효자동,48,59,,
KMA_4600020014,전라남도,진도군,사직동,사직동,전라남도 진도군 사직동,49,59,,
KMA_4600020015,전라남도,진도군,명동,명동,전라남도 진도군 명동,47,60,,
KMA_4600020016,전라남도,진도군,용산동,용산동,전라남도 진도군 용산동,48,60,,
KMA_4600020017,전라남도,진도군,화양동,화양동,전라남도 진도군 화양동,49,60,,
KMA_4600020018,전라남도,진도군,전농제1동,전농제1동,전라남도 진도군 전농제1동,47,58,,
KMA_4600020019,전라남도,진도군,면목본동,면목본동,전라남도 진도군 면목본동,48,58,,
KMA_4600020020,전라남도,진도군,상봉제1동,상봉제1동,전라남도 진도군 상봉제1동,49,58,,
KMA_4600020021,전라남도,진도군,녹번동,녹번동,전라남도 진도군 녹번동,47,59,,
KMA_4600020022,전라남도,진도군,불광제1동,불광제1동,전라남도 진도군 불광제1동,48,59,,
KMA_4600020023,전라남도,진도군,갈현제1동,갈현제1동,전라남도 진도군 갈현제1동,49,59,,
KMA_4600020024,전라남도,진도군,아현동,아현동,전라남도 진도군 아현동,47,60,,
KMA_4600020025,전라남도,진도군,공덕동,공덕동,전라남도 진도군 공덕동,48,60,,
KMA_4600020026,전라남도,진도군,목1동,목1동,전라남도 진도군 목1동,49,60,,
KMA_4600020027,전라남도,진도군,화곡제1동,화곡제1동,전라남도 진도군 화곡제1동,47,58,,
KMA_4600020028,전라남도,진도군,가산동,가산동,전라남도 진도군 가산동,48,58,,
KMA_4600020029,전라남도,진도군,여의동,여의동,전라남도 진도군 여의동,49,58,,
KMA_4600020030,전라남도,진도군,상도제1동,상도제1동,전라남도 진도군 상도제1동,47,59,,
KMA_4600020031,전라남도,진도군,서초1동,서초1동,전라남도 진도군 서초1동,48,59,,
KMA_4600020032,전라남도,진도군,신사동,신사동,전라남도 진도군 신사동,49,59,,
KMA_4600020033,전라남도,진도군,논현1동,논현1동,전라남도 진도군 논현1동,47,60,,
KMA_4600020034,전라남도,진도군,역삼1동,역삼1동,전라남도 진도군 역삼1동,48,60,,
KMA_4600020035,전라남도,진도군,풍납1동,풍납1동,전라남도 진도군 풍납1동,49,60,,
KMA_4600020036,전라남도,진도군,길동,길동,전라남도 진도군 길동,47,58,,
KMA_4600020037,전라남도,진도군,일산1동,일산1동,전라남도 진도군 일산1동,48,58,,
KMA_4600020038,전라남도,진도군,일산2동,일산2동,전라남도 진도군 일산2동,49,58,,
KMA_4600020039,전라남도,진도군,일산3동,일산3동,전라남도 진도군 일산3동,47,59,,
KMA_4600020040,전라남도,진도군,식사동,식사동,전라남도 진도군 식사동,48,59,,
KMA_4600020041,전라남도,진도군,조치원읍,조치원읍,전라남도 진도군 조치원읍,49,59,,
KMA_4600020042,전라남도,진도군,금남면,금남면,전라남도 진도군 금남면,47,60,,
KMA_4600020043,전라남도,진도군,한림읍,한림읍,전라남도 진도군 한림읍,48,60,,
KMA_4600020044,전라남도,진도군,애월읍,애월읍,전라남도 진도군 애월읍,49,60,,
KMA_4600020045,전라남도,진도군,대정읍,대정읍,전라남도 진도군 대정읍,47,58,,
KMA_4600020046,전라남도,진도군,성산읍,성산읍,전라남도 진도군 성산읍,48,58,,
KMA_4600020047,전라남도,진도군,남원읍,남원읍,전라남도 진도군 남원읍,49,58,,
KMA_4600020048,전라남도,진도군,표선면,표선면,전라남도 진도군 표선면,47,59,,
KMA_4600020100,전라남도,신안군,,신안군,전라남도 신안군,50,66,,
KMA_4700020200,경상북도,포항시남구,,포항시남구,경상북도 포항시남구,102,94,,
KMA_4700020001,경상북도,포항시남구,중앙동,중앙동,경상북도 포항시남구 중앙동,102,93,,
KMA_4700020002,경상북도,포항시남구,신흥동,신흥동,경상북도 포항시남구 신흥동,103,93,,
KMA_4700020003,경상북도,포항시남구,문화동,문화동,경상북도 포항시남구 문화동,101,94,,
KMA_4700020004,경상북도,포항시남구,교동,교동,경상북도 포항시남구 교동,102,94,,
KMA_4700020005,경상북도,포항시남구,성내동,성내동,경상북도 포항시남구 성내동,103,94,,
KMA_4700020006,경상북도,포항시남구,송정동,송정동,경상북도 포항시남구 송정동,101,95,,
KMA_4700020007,경상북도,포항시남구,읍내동,읍내동,경상북도 포항시남구 읍내동,102,95,,
KMA_4700020008,경상북도,포항시남구,신사제1동,신사제1동,경상북도 포항시남구 신사제1동,103,95,,
KMA_4700020009,경상북도,포항시남구,신사제2동,신사제2동,경상북도 포항시남구 신사제2동,101,93,,
KMA_4700020010,경상북도,포항시남구,구미동,구미동,경상북도 포항시남구 구미동,102,93,,
KMA_4700020011,경상북도,포항시남구,정자동,정자동,경상북도 포항시남구 정자동,103,93,,
KMA_4700020012,경상북도,포항시남구,금곡동,금곡동,경상북도 포항시남구 금곡동,101,94,,
KMA_4700020013,경상북도,포항시남구,청운효자동,청운효자동,경상북도 포항시남구 청운효자동,102,94,,
KMA_4700020014,경상북도,포항시남구,사직동,사직동,경상북도 포항시남구 사직동,103,94,,
KMA_4700020015,경상북도,포항시남구,명동,명동,경상북도 포항시남구 명동,101,95,,
KMA_4700020016,경상북도,포항시남구,용산동,용산동,경상북도 포항시남구 용산동,102,95,,
KMA_4700020017,경상북도,포항시남구,화양동,화양동,경상북도 포항시남구 화양동,103,95,,
KMA_4700020018,경상북도,포항시남구,전농제1동,전농제1동,경상북도 포항시남구 전농제1동,101,93,,
KMA_4700020019,경상북도,포항시남구,면목본동,면목본동,경상북도 포항시남구 면목본동,102,93,,
KMA_4700020020,경상북도,포항시남구,상봉제1동,상봉제1동,경상북도 포항시남구 상봉제1동,103,93,,
KMA_4700020021,경상북도,포항시남구,녹번동,녹번동,경상북도 포항시남구 녹번동,101,94,,
KMA_4700020022,경상북도,포항시남구,불광제1동,불광제1동,경상북도 포항시남구 불광제1동,102,94,,
KMA_4700020023,경상북도,포항시남구,갈현제1동,갈현제1동,경상북도 포항시남구 갈현제1동,103,94,,
KMA_4700020024,경상북도,포항시남구,아현동,아현동,경상북도 포항시남구 아현동,101,95,,
KMA_4700020025,경상북도,포항시남구,공덕동,공덕동,경상북도 포항시남구 공덕동,102,95,,
KMA_4700020026,경상북도,포항시남구,목1동,목1동,경상북도 포항시남구 목1동,103,95,,
KMA_4700020027,경상북도,포항시남구,화곡제1동,화곡제1동,경상북도 포항시남구 화곡제1동,101,93,,
KMA_4700020028,경상북도,포항시남구,가산동,가산동,경상북도 포항시남구 가산동,102,93,,
KMA_4700020029,경상북도,포항시남구,여의동,여의동,경상북도 포항시남구 여의동,103,93,,
KMA_4700020030,경상북도,포항시남구,상도제1동,상도제1동,경상북도 포항시남구 상도제1동,101,94,,
KMA_4700020031,경상북도,포항시남구,서초1동,서초1동,경상북도 포항시남구 서초1동,102,94,,
KMA_4700020032,경상북도,포항시남구,신사동,신사동,경상북도 포항시남구 신사동,103,94,,
KMA_4700020033,경상북도,포항시남구,논현1동,논현1동,경상북도 포항시남구 논현1동,101,95,,
KMA_4700020034,경상북도,포항시남구,역삼1동,역삼1동,경상북도 포항시남구 역삼1동,102,95,,
KMA_4700020035,경상북도,포항시남구,풍납1동,풍납1동,경상북도 포항시남구 풍납1동,103,95,,
KMA_4700020036,경상북도,포항시남구,길동,길동,경상북도 포항시남구 길동,101,93,,
KMA_4700020037,경상북도,포항시남구,일산1동,일산1동,경상북도 포항시남구 일산1동,102,93,,
KMA_4700020038,경상북도,포항시남구,일산2동,일산2동,경상북도 포항시남구 일산2동,103,93,,
KMA_4700020039,경상북도,포항시남구,일산3동,일산3동,경상북도 포항시남구 일산3동,101,94,,
KMA_4700020040,경상북도,포항시남구,식사동,식사동,경상북도 포항시남구 식사동,102,94,,
KMA_4700020041,경상북도,포항시남구,조치원읍,조치원읍,경상북도 포항시남구 조치원읍,103,94,,
KMA_4700020042,경상북도,포항시남구,금남면,금남면,경상북도 포항시남구 금남면,101,95,,
KMA_4700020043,경상북도,포항시남구,한림읍,한림읍,경상북도 포항시남구 한림읍,102,95,,
KMA_4700020044,경상북도,포항시남구,애월읍,애월읍,경상북도 포항시남구 애월읍,103,95,,
KMA_4700020045,경상북도,포항시남구,대정읍,대정읍,경상북도 포항시남구 대정읍,101,93,,
KMA_4700020046,경상북도,포항시남구,성산읍,성산읍,경상북도 포항시남구 성산읍,102,93,,
KMA_4700020047,경상북도,포항시남구,남원읍,남원읍,경상북도 포항시남구 남원읍,103,93,,
KMA_4700020048,경상북도,포항시남구,표선면,표선면,경상북도 포항시남구 표선면,101,94,,
KMA_4700020300,경상북도,포항시북구,,포항시북구,경상북도 포항시북구,102,95,,
KMA_4700020400,경상북도,경주시,,경주시,경상북도 경주시,100,91,,
KMA_4700020500,경상북도,김천시,,김천시,경상북도 김천시,80,96,,
KMA_4700020600,경상북도,안동시,,안동시,경상북도 안동시,91,106,,
KMA_4700020700,경상북도,구미시,,구미시,경상북도 구미시,84,96,,
KMA_4700020800,경상북도,영주시,,영주시,경상북도 영주시,89,111,,
KMA_4700020900,경상북도,영천시,,영천시,경상북도 영천시,95,93,,
KMA_4700021000,경상북도,상주시,,상주시,경상북도 상주시,81,102,,
KMA_4700021100,경상북도,문경시,,문경시,경상북도 문경시,81,106,,
KMA_4700021200,경상북도,경산시,,경산시,경상북도 경산시,91,90,,
KMA_4700021300,경상북도,군위군,,군위군,경상북도 군위군,88,99,,
KMA_4700021400,경상북도,의성군,,의성군,경상북도 의성군,90,101,,
KMA_4700021500,경상북도,청송군,,청송군,경상북도 청송군,96,103,,
KMA_4700021600,경상북도,영양군,,영양군,경상북도 영양군,97,108,,
KMA_4700021700,경상북도,영덕군,,영덕군,경상북도 영덕군,102,103,,
KMA_4700021800,경상북도,청도군,,청도군,경상북도 청도군,91,86,,
KMA_4700021900,경상북도,고령군,,고령군,경상북도 고령군,83,87,,
KMA_4700022000,경상북도,성주군,,성주군,경상북도 성주군,83,91,,
KMA_4700022100,경상북도,칠곡군,,칠곡군,경상북도 칠곡군,85,93,,
KMA_4700022200,경상북도,예천군,,예천군,경상북도 예천군,86,107,,
KMA_4700022300,경상북도,봉화군,,봉화군,경상북도 봉화군,90,113,,
KMA_4700022400,경상북도,울진군,,울진군,경상북도 울진군,102,115,,
KMA_4700022500,경상북도,울릉군,,울릉군,경상북도 울릉군,127,127,,
KMA_4800022600,경상남도,창원시의창구,,창원시의창구,경상남도 창원시의창구,90,77,,
KMA_4800020001,경상남도,창원시의창구,중앙동,중앙동,경상남도 창원시의창구 중앙동,90,76,,
KMA_4800020002,경상남도,창원시의창구,신흥동,신흥동,경상남도 창원시의창구 신흥동,91,76,,
KMA_4800020003,경상남도,창원시의창구,문화동,문화동,경상남도 창원시의창구 문화동,89,77,,
KMA_4800020004,경상남도,창원시의창구,교동,교동,경상남도 창원시의창구 교동,90,77,,
KMA_4800020005,경상남도,창원시의창구,성내동,성내동,경상남도 창원시의창구 성내동,91,77,,
KMA_4800020006,경상남도,창원시의창구,송정동,송정동,경상남도 창원시의창구 송정동,89,78,,
KMA_4800020007,경상남도,창원시의창구,읍내동,읍내동,경상남도 창원시의창구 읍내동,90,78,,
KMA_4800020008,경상남도,창원시의창구,신사제1동,신사제1동,경상남도 창원시의창구 신사제1동,91,78,,
KMA_4800020009,경상남도,창원시의창구,신사제2동,신사제2동,경상남도 창원시의창구 신사제2동,89,76,,
KMA_4800020010,경상남도,창원시의창구,구미동,구미동,경상남도 창원시의창구 구미동,90,76,,
KMA_4800020011,경상남도,창원시의창구,정자동,정자동,경상남도 창원시의창구 정자동,91,76,,
KMA_4800020012,경상남도,창원시의창구,금곡동,금곡동,경상남도 창원시의창구 금곡동,89,77,,
KMA_4800020013,경상남도,창원시의창구,청운효자동,청운효자동,경상남도 창원시의창구 청운효자동,90,77,,
KMA_4800020014,경상남도,창원시의창구,사직동,사직동,경상남도 창원시의창구 사직동,91,77,,
KMA_4800020015,경상남도,창원시의창구,명동,명동,경상남도 창원시의창구 명동,89,78,,
KMA_4800020016,경상남도,창원시의창구,용산동,용산동,경상남도 창원시의창구 용산동,90,78,,
KMA_4800020017,경상남도,창원시의창구,화양동,화양동,경상남도 창원시의창구 화양동,91,78,,
KMA_4800020018,경상남도,창원시의창구,전농제1동,전농제1동,경상남도 창원시의창구 전농제1동,89,76,,
KMA_4800020019,경상남도,창원시의창구,면목본동,면목본동,경상남도 창원시의창구 면목본동,90,76,,
KMA_4800020020,경상남도,창원시의창구,상봉제1동,상봉제1동,경상남도 창원시의창구 상봉제1동,91,76,,
KMA_4800020021,경상남도,창원시의창구,녹번동,녹번동,경상남도 창원시의창구 녹번동,89,77,,
KMA_4800020022,경상남도,창원시의창구,불광제1동,불광제1동,경상남도 창원시의창구 불광제1동,90,77,,
KMA_4800020023,경상남도,창원시의창구,갈현제1동,갈현제1동,경상남도 창원시의창구 갈현제1동,91,77,,
KMA_4800020024,경상남도,창원시의창구,아현동,아현동,경상남도 창원시의창구 아현동,89,78,,
KMA_4800020025,경상남도,창원시의창구,공덕동,공덕동,경상남도 창원시의창구 공덕동,90,78,,
KMA_4800020026,경상남도,창원시의창구,목1동,목1동,경상남도 창원시의창구 목1동,91,78,,
KMA_4800020027,경상남도,창원시의창구,화곡제1동,화곡제1동,경상남도 창원시의창구 화곡제1동,89,76,,
KMA_4800020028,경상남도,창원시의창구,가산동,가산동,경상남도 창원시의창구 가산동,90,76,,
KMA_4800020029,경상남도,창원시의창구,여의동,여의동,경상남도 창원시의창구 여의동,91,76,,
KMA_4800020030,경상남도,창원시의창구,상도제1동,상도제1동,경상남도 창원시의창구 상도제1동,89,77,,
KMA_4800020031,경상남도,창원시의창구,서초1동,서초1동,경상남도 창원시의창구 서초1동,90,77,,
KMA_4800020032,경상남도,창원시의창구,신사동,신사동,경상남도 창원시의창구 신사동,91,77,,
KMA_4800020033,경상남도,창원시의창구,논현1동,논현1동,경상남도 창원시의창구 논현1동,89,78,,
KMA_4800020034,경상남도,창원시의창구,역삼1동,역삼1동,경상남도 창원시의창구 역삼1동,90,78,,
KMA_4800020035,경상남도,창원시의창구,풍납1동,풍납1동,경상남도 창원시의창구 풍납1동,91,78,,
KMA_4800020036,경상남도,창원시의창구,길동,길동,경상남도 창원시의창구 길동,89,76,,
KMA_4800020037,경상남도,창원시의창구,일산1동,일산1동,경상남도 창원시의창구 일산1동,90,76,,
KMA_4800020038,경상남도,창원시의창구,일산2동,일산2동,경상남도 창원시의창구 일산2동,91,76,,
KMA_4800020039,경상남도,창원시의창구,일산3동,일산3동,경상남도 창원시의창구 일산3동,89,77,,
KMA_4800020040,경상남도,창원시의창구,식사동,식사동,경상남도 창원시의창구 식사동,90,77,,
KMA_4800020041,경상남도,창원시의창구,조치원읍,조치원읍,경상남도 창원시의창구 조치원읍,91,77,,
KMA_4800020042,경상남도,창원시의창구,금남면,금남면,경상남도 창원시의창구 금남면,89,78,,
KMA_4800020043,경상남도,창원시의창구,한림읍,한림읍,경상남도 창원시의창구 한림읍,90,78,,
KMA_4800020044,경상남도,창원시의창구,애월읍,애월읍,경상남도 창원시의창구 애월읍,91,78,,
KMA_4800020045,경상남도,창원시의창구,대정읍,대정읍,경상남도 창원시의창구 대정읍,89,76,,
KMA_4800020046,경상남도,창원시의창구,성산읍,성산읍,경상남도 창원시의창구 성산읍,90,76,,
KMA_4800020047,경상남도,창원시의창구,남원읍,남원읍,경상남도 창원시의창구 남원읍,91,76,,
KMA_4800020048,경상남도,창원시의창구,표선면,표선면,경상남도 창원시의창구 표선면,89,77,,
KMA_4800022700,경상남도,창원시성산구,,창원시성산구,경상남도 창원시성산구,91,76,,
KMA_4800022800,경상남도,창원시마산합포구,,창원시마산합포구,경상남도 창원시마산합포구,89,76,,
KMA_4800022900,경상남도,창원시마산회원구,,창원시마산회원구,경상남도 창원시마산회원구,89,77,,
KMA_4800023000,경상남도,창원시진해구,,창원시진해구,경상남도 창원시진해구,91,75,,
KMA_4800023100,경상남도,진주시,,진주시,경상남도 진주시,81,75,,
KMA_4800023200,경상남도,통영시,,통영시,경상남도 통영시,87,68,,
KMA_4800023300,경상남도,사천시,,사천시,경상남도 사천시,80,71,,
KMA_4800023400,경상남도,김해시,,김해시,경상남도 김해시,95,77,,
KMA_4800023500,경상남도,밀양시,,밀양시,경상남도 밀양시,92,83,,
KMA_4800023600,경상남도,거제시,,거제시,경상남도 거제시,90,69,,
KMA_4800023700,경상남도,양산시,,양산시,경상남도 양산시,97,79,,
KMA_4800023800,경상남도,의령군,,의령군,경상남도 의령군,83,78,,
KMA_4800023900,경상남도,함안군,,함안군,경상남도 함안군,86,77,,
KMA_4800024000,경상남도,창녕군,,창녕군,경상남도 창녕군,87,83,,
KMA_4800024100,경상남도,고성군,,고성군,경상남도 고성군,85,71,,
KMA_4800024200,경상남도,남해군,,남해군,경상남도 남해군,77,68,,
KMA_4800024300,경상남도,하동군,,하동군,경상남도 하동군,74,73,,
KMA_4800024400,경상남도,산청군,,산청군,경상남도 산청군,76,80,,
KMA_4800024500,경상남도,함양군,,함양군,경상남도 함양군,74,82,,
KMA_4800024600,경상남도,거창군,,거창군,경상남도 거창군,77,86,,
KMA_4800024700,경상남도,합천군,,합천군,경상남도 합천군,81,84,,
KMA_5000024800,제주특별자치도,제주시,,제주시,제주특별자치도 제주시,53,38,,
KMA_5000020001,제주특별자치도,제주시,중앙동,중앙동,제주특별자치도 제주시 중앙동,53,37,,
KMA_5000020002,제주특별자치도,제주시,신흥동,신흥동,제주특별자치도 제주시 신흥동,54,37,,
KMA_5000020003,제주특별자치도,제주시,문화동,문화동,제주특별자치도 제주시 문화동,52,38,,
KMA_5000020004,제주특별자치도,제주시,교동,교동,제주특별자치도 제주시 교동,53,38,,
KMA_5000020005,제주특별자치도,제주시,성내동,성내동,제주특별자치도 제주시 성내동,54,38,,
KMA_5000020006,제주특별자치도,제주시,송정동,송정동,제주특별자치도 제주시 송정동,52,39,,
KMA_5000020007,제주특별자치도,제주시,읍내동,읍내동,제주특별자치도 제주시 읍내동,53,39,,
KMA_5000020008,제주특별자치도,제주시,신사제1동,신사제1동,제주특별자치도 제주시 신사제1동,54,39,,
KMA_5000020009,제주특별자치도,제주시,신사제2동,신사제2동,제주특별자치도 제주시 신사제2동,52,37,,
KMA_5000020010,제주특별자치도,제주시,구미동,구미동,제주특별자치도 제주시 구미동,53,37,,
KMA_5000020011,제주특별자치도,제주시,정자동,정자동,제주특별자치도 제주시 정자동,54,37,,
KMA_5000020012,제주특별자치도,제주시,금곡동,금곡동,제주특별자치도 제주시 금곡동,52,38,,
KMA_5000020013,제주특별자치도,제주시,청운효자동,청운효자동,제주특별자치도 제주시 청운효자동,53,38,,
KMA_5000020014,제주특별자치도,제주시,사직동,사직동,제주특별자치도 제주시 사직동,54,38,,
KMA_5000020015,제주특별자치도,제주시,명동,명동,제주특별자치도 제주시 명동,52,39,,
KMA_5000020016,제주특별자치도,제주시,용산동,용산동,제주특별자치도 제주시 용산동,53,39,,
KMA_5000020017,제주특별자치도,제주시,화양동,화양동,제주특별자치도 제주시 화양동,54,39,,
KMA_5000020018,제주특별자치도,제주시,전농제1동,전농제1동,제주특별자치도 제주시 전농제1동,52,37,,
KMA_5000020019,제주특별자치도,제주시,면목본동,면목본동,제주특별자치도 제주시 면목본동,53,37,,
KMA_5000020020,제주특별자치도,제주시,상봉제1동,상봉제1동,제주특별자치도 제주시 상봉제1동,54,37,,
KMA_5000020021,제주특별자치도,제주시,녹번동,녹번동,제주특별자치도 제주시 녹번동,52,38,,
KMA_5000020022,제주특별자치도,제주시,불광제1동,불광제1동,제주특별자치도 제주시 불광제1동,53,38,,
KMA_5000020023,제주특별자치도,제주시,갈현제1동,갈현제1동,제주특별자치도 제주시 갈현제1동,54,38,,
KMA_5000020024,제주특별자치도,제주시,아현동,아현동,제주특별자치도 제주시 아현동,52,39,,
KMA_5000020025,제주특별자치도,제주시,공덕동,공덕동,제주특별자치도 제주시 공덕동,53,39,,
KMA_5000020026,제주특별자치도,제주시,목1동,목1동,제주특별자치도 제주시 목1동,54,39,,
KMA_5000020027,제주특별자치도,제주시,화곡제1동,화곡제1동,제주특별자치도 제주시 화곡제1동,52,37,,
KMA_5000020028,제주특별자치도,제주시,가산동,가산동,제주특별자치도 제주시 가산동,53,37,,
KMA_5000020029,제주특별자치도,제주시,여의동,여의동,제주특별자치도 제주시 여의동,54,37,,
KMA_5000020030,제주특별자치도,제주시,상도제1동,상도제1동,제주특별자치도 제주시 상도제1동,52,38,,
KMA_5000020031,제주특별자치도,제주시,서초1동,서초1동,제주특별자치도 제주시 서초1동,53,38,,
KMA_5000020032,제주특별자치도,제주시,신사동,신사동,제주특별자치도 제주시 신사동,54,38,,
KMA_5000020033,제주특별자치도,제주시,논현1동,논현1동,제주특별자치도 제주시 논현1동,52,39,,
KMA_5000020034,제주특별자치도,제주시,역삼1동,역삼1동,제주특별자치도 제주시 역삼1동,53,39,,
KMA_5000020035,제주특별자치도,제주시,풍납1동,풍납1동,제주특별자치도 제주시 풍납1동,54,39,,
KMA_5000020036,제주특별자치도,제주시,길동,길동,제주특별자치도 제주시 길동,52,37,,
KMA_5000020037,제주특별자치도,제주시,일산1동,일산1동,제주특별자치도 제주시 일산1동,53,37,,
KMA_5000020038,제주특별자치도,제주시,일산2동,일산2동,제주특별자치도 제주시 일산2동,54,37,,
KMA_5000020039,제주특별자치도,제주시,일산3동,일산3동,제주특별자치도 제주시 일산3동,52,38,,
KMA_5000020040,제주특별자치도,제주시,식사동,식사동,제주특별자치도 제주시 식사동,53,38,,
KMA_5000020041,제주특별자치도,제주시,조치원읍,조치원읍,제주특별자치도 제주시 조치원읍,54,38,,
KMA_5000020042,제주특별자치도,제주시,금남면,금남면,제주특별자치도 제주시 금남면,52,39,,
KMA_5000020043,제주특별자치도,제주시,한림읍,한림읍,제주특별자치도 제주시 한림읍,53,39,,
KMA_5000020044,제주특별자치도,제주시,애월읍,애월읍,제주특별자치도 제주시 애월읍,54,39,,
KMA_5000020045,제주특별자치도,제주시,대정읍,대정읍,제주특별자치도 제주시 대정읍,52,37,,
KMA_5000020046,제주특별자치도,제주시,성산읍,성산읍,제주특별자치도 제주시 성산읍,53,37,,
KMA_5000020047,제주특별자치도,제주시,남원읍,남원읍,제주특별자치도 제주시 남원읍,54,37,,
KMA_5000020048,제주특별자치도,제주시,표선면,표선면,제주특별자치도 제주시 표선면,52,38,,
KMA_5000024900,제주특별자치도,서귀포시,,서귀포시,제주특별자치도 서귀포시,52,33,,
